company_id,year,Operating Cash Ratio,Investment Ratio,Financing Ratio,Free Cash Flow Indicator,Cash Quality Score,Cashflow Rank
TATAPOWER,Mar 2014,540.25,-0.56,-0.5,2874.0,21670.0,1
JIOFIN,Mar 2023,66.29,-0.54,-0.43,945.0,2711.6000000000004,2
LODHA,Mar 2021,52.58,0.17,-1.12,2104.0,2163.2,3
JSWENERGY,Mar 2018,46.28,-0.05,-1.01,3719.0,1911.2,4
BANKBARODA,Mar 2018,32.51,0.01,-0.06,-60106.0,1300.3999999999999,5
HINDALCO,Mar 2015,27.58,-0.54,-0.34,3270.0,1163.1999999999998,6
CANBK,Mar 2019,26.2,-0.04,-0.06,17492.0,1108.0,7
LICI,Mar 2021,27.1,1.84,-3.18,-67845.0,1084.0,8
TATAPOWER,Mar 2013,26.72,-1.23,-0.18,-740.0,1068.8,9
SBIN,Mar 2018,25.74,-0.14,-0.06,-109561.0,1029.6,10
INDIGO,Mar 2019,20.26,-0.8,-0.19,634.0,870.4000000000001,11
LICI,Mar 2020,20.06,-0.74,-0.34,13952.0,862.4,12
CANBK,Mar 2021,19.99,-0.02,0.0,58002.0,859.5999999999999,13
BANKBARODA,Mar 2020,18.89,-0.01,0.79,18392.0,815.6,14
AXISBANK,Mar 2020,18.69,-0.31,0.29,20931.0,807.6,15
PNB,Mar 2017,17.71,0.01,-0.45,21779.0,768.4000000000001,16
TATASTEEL,Mar 2020,17.18,-0.69,-0.08,6157.0,747.2,17
SBILIFE,Mar 2021,16.4,-0.8,0.0,4675.0,716.0,18
INDUSINDBK,Mar 2021,15.74,-0.01,-0.09,44420.0,689.6,19
VBL,Dec 2016,17.21,-1.27,0.28,-222.0,688.4000000000001,20
SBILIFE,Mar 2023,16.65,-1.05,-0.01,-1547.0,666.0,21
SBILIFE,Mar 2022,14.51,-0.99,-0.01,241.0,640.4,22
SBILIFE,Mar 2024,15.38,-1.07,-0.01,-2099.0,615.2,23
BHARTIARTL,Mar 2018,13.67,-0.94,0.06,1914.0,606.8,24
SBILIFE,Mar 2020,13.57,-0.88,-0.01,2313.0,602.8,25
TATAMOTORS,Mar 2023,13.16,-0.44,-0.74,19971.0,586.4,26
TATAPOWER,Mar 2015,13.09,-0.65,-0.37,2116.0,583.6,27
PNB,Mar 2021,11.48,-0.03,0.17,30163.0,519.2,28
BHARTIARTL,Mar 2019,11.89,-1.41,0.47,-8216.0,475.6,29
M&M,Mar 2021,11.84,-1.1,0.02,-1777.0,473.6,30
ICICIPRULI,Mar 2019,9.99,-0.66,-0.07,3818.0,459.6,31
BHARTIARTL,Mar 2013,9.97,-0.83,-0.2,3932.0,458.8,32
VBL,Dec 2012,11.2,-1.81,0.82,-227.0,448.0,33
DLF,Mar 2016,9.7,-0.28,-0.65,2139.0,448.0,33
BANKBARODA,Mar 2017,9.63,-0.03,-0.01,17314.0,445.20000000000005,34
ADANIPOWER,Mar 2016,9.54,-0.51,-0.52,2565.0,441.59999999999997,35
IOC,Mar 2015,9.46,-0.22,-0.83,35877.0,438.40000000000003,36
TATAPOWER,Mar 2016,9.43,-0.24,-0.83,5610.0,437.2,37
APOLLOHOSP,Mar 2021,9.23,-0.7,-0.27,385.0,429.20000000000005,38
BHARTIARTL,Mar 2024,9.22,-0.65,-0.35,27809.0,428.8,39
SBILIFE,Mar 2018,9.04,-0.86,-0.02,1485.0,421.59999999999997,40
APOLLOHOSP,Mar 2018,8.95,-0.75,-0.2,132.0,418.0,41
SBIN,Mar 2019,8.82,0.01,0.02,29336.0,412.8,42
AXISBANK,Mar 2017,8.75,-0.39,-0.08,19751.0,410.0,43
BHARTIARTL,Mar 2014,8.69,-0.96,0.11,1052.0,407.59999999999997,44
SBILIFE,Mar 2019,10.15,-1.01,-0.02,-79.0,406.0,45
ICICIBANK,Mar 2019,8.56,-0.62,-0.41,18389.0,402.40000000000003,46
BANKBARODA,Mar 2014,8.39,-0.02,0.12,41503.0,395.6,47
AXISBANK,Mar 2019,7.94,-0.5,0.15,18451.0,377.6,48
ABB,Mar 2017,7.9,-0.79,-0.21,459.0,376.0,49
ABB,Mar 2020,9.17,-1.04,0.23,-206.0,366.8,50
ICICIPRULI,Mar 2021,7.65,-0.7,0.16,2230.0,366.0,51
ADANIGREEN,Mar 2023,7.47,-0.53,-0.41,3408.0,358.8,52
SBILIFE,Mar 2017,8.93,-1.06,-0.02,-507.0,357.2,53
ADANIGREEN,Mar 2021,8.8,-5.71,4.42,-7536.0,352.0,54
ADANIENT,Mar 2023,7.28,-0.88,-0.07,2167.0,351.2,55
UNIONBANK,Mar 2021,7.17,-0.03,-0.92,19926.0,346.8,56
HDFCLIFE,Mar 2021,7.13,-0.92,0.07,751.0,345.2,57
ICICIBANK,Mar 2020,7.09,-0.53,0.04,37470.0,343.6,58
HDFCLIFE,Mar 2017,7.02,-0.83,-0.04,1053.0,340.79999999999995,59
UNITDSPR,Mar 2017,6.96,-0.35,-0.73,420.0,338.4,60
HDFCLIFE,Mar 2016,6.96,-0.7,-0.04,1725.0,338.4,60
UNIONBANK,Mar 2022,6.9,-0.02,-0.02,35781.0,336.0,61
ICICIBANK,Mar 2021,6.78,-0.46,-0.4,74384.0,331.2,62
HINDALCO,Mar 2017,6.74,-0.23,-0.44,9811.0,329.6,63
PNB,Mar 2023,6.73,-0.03,0.06,21860.0,329.20000000000005,64
BHARTIARTL,Mar 2022,6.62,-0.75,-0.28,13539.0,324.8,65
ICICIPRULI,Mar 2020,8.06,-1.26,-0.05,-2201.0,322.40000000000003,66
ADANIENT,Mar 2019,6.4,0.77,-1.9,749.0,316.0,67
JSWSTEEL,Mar 2013,6.29,-0.93,-0.14,411.0,311.6,68
HDFCLIFE,Mar 2019,7.72,-1.03,-0.03,-314.0,308.8,69
ADANIENSOL,Mar 2020,7.7,-1.04,0.23,-206.0,308.0,70
JSWENERGY,Mar 2017,6.18,-0.2,-0.67,3091.0,307.2,71
ONGC,Mar 2020,6.16,-0.75,-0.24,17434.0,306.4,72
HDFCLIFE,Mar 2018,6.09,-0.66,-0.03,2318.0,303.6,73
ABB,Mar 2016,6.05,-0.53,-0.47,728.0,302.0,74
BPCL,Mar 2023,5.85,-0.63,-0.35,4660.0,294.0,75
TATAPOWER,Mar 2021,5.8,0.12,-0.91,7352.0,292.0,76
HDFCLIFE,Mar 2015,5.67,-0.79,-0.04,945.0,286.8,77
JSWSTEEL,Mar 2023,5.63,-0.46,-0.26,12593.0,285.2,78
LODHA,Mar 2023,5.61,0.65,-1.35,961.0,284.4,79
TATAPOWER,Mar 2020,5.6,-0.07,-0.69,6882.0,284.0,80
BHARTIARTL,Mar 2015,5.56,-0.79,-0.34,5758.0,282.4,81
ADANIPOWER,Mar 2021,5.52,-0.31,-0.81,4826.0,280.79999999999995,82
KOTAKBANK,Mar 2020,5.43,-0.28,-0.02,33551.0,277.2,83
TATASTEEL,Mar 2021,5.41,-0.21,-0.84,34890.0,276.4,84
SBILIFE,Mar 2016,6.85,-1.25,-0.02,-1426.0,274.0,85
CANBK,Mar 2014,5.33,-0.03,-0.26,13864.0,273.2,86
BHARTIARTL,Mar 2023,5.32,-0.6,-0.37,26093.0,272.8,87
HDFCLIFE,Mar 2024,6.81,-1.27,-0.04,-2893.0,272.4,88
ADANIENSOL,Mar 2017,5.26,-0.79,-0.21,459.0,270.4,89
BHARTIARTL,Mar 2017,6.67,-1.08,-0.01,-2400.0,266.8,90
ABB,Mar 2022,5.13,-0.96,-0.06,161.0,265.2,91
PNB,Mar 2022,5.13,-0.06,0.1,18828.0,265.2,91
ADANIENT,Mar 2016,5.11,-0.36,-0.67,3287.0,264.4,92
LODHA,Mar 2020,5.08,0.05,-1.11,3590.0,263.2,93
ADANIENSOL,Mar 2024,5.05,-0.82,-0.09,1095.0,262.0,94
LICI,Mar 2019,5.05,0.73,-1.03,3638.0,262.0,94
ABB,Mar 2024,5.03,-0.82,-0.09,1095.0,261.20000000000005,95
UNITDSPR,Mar 2021,5.02,-0.05,-0.94,1719.0,260.79999999999995,96
JSWSTEEL,Mar 2014,6.45,-2.17,1.27,-3024.0,258.0,97
VBL,Dec 2015,4.91,-0.54,-0.43,255.0,256.4,98
MOTHERSON,Mar 2020,4.91,-0.35,-0.44,4132.0,256.4,98
ADANIGREEN,Mar 2022,6.39,-5.99,5.11,-15603.0,255.6,99
TATAPOWER,Mar 2017,6.38,-1.05,0.13,-359.0,255.2,100
BANKBARODA,Mar 2013,4.8,-0.02,-0.03,22682.0,252.0,101
ADANIENT,Mar 2013,6.29,-1.93,0.94,-7124.0,251.6,102
VEDL,Mar 2024,4.73,-0.38,-0.73,21978.0,249.20000000000002,103
HAL,Mar 2021,4.67,-0.08,-0.47,13934.0,246.8,104
ICICIBANK,Mar 2017,4.64,-0.03,-0.67,50925.0,245.6,105
ADANIGREEN,Mar 2024,6.12,-2.73,1.81,-13347.0,244.8,106
PNB,Mar 2014,4.6,-0.02,0.13,16604.0,244.0,107
JSWSTEEL,Mar 2015,4.57,-0.94,-0.02,504.0,242.8,108
APOLLOHOSP,Mar 2019,4.53,-0.79,-0.24,194.0,241.20000000000002,109
BANKBARODA,Mar 2015,4.52,-0.03,-0.0,17282.0,240.79999999999998,110
JSWENERGY,Mar 2021,4.5,-0.28,-0.68,2670.0,240.0,111
HDFCLIFE,Mar 2022,4.48,-0.13,-0.04,5142.0,239.20000000000002,112
ABB,Mar 2019,5.76,-1.18,0.01,-459.0,230.39999999999998,113
TITAN,Mar 2021,4.25,-0.68,-0.3,1340.0,230.0,114
ADANIENSOL,Mar 2016,4.2,-0.53,-0.47,728.0,228.0,115
HDFCLIFE,Mar 2020,5.7,-1.05,0.01,-401.0,228.0,115
TORNTPHARM,Mar 2019,4.12,-0.14,-0.73,1552.0,224.8,116
BPCL,Mar 2015,4.08,-0.51,-0.47,10206.0,223.2,117
BHARTIARTL,Mar 2016,4.05,-0.5,-0.43,13851.0,222.0,118
INDUSINDBK,Mar 2017,4.03,-0.02,-0.24,11284.0,221.20000000000002,119
DLF,Mar 2015,4.02,0.05,-0.76,1939.0,220.79999999999998,120
ABB,Mar 2021,5.48,-1.06,-0.2,-225.0,219.20000000000002,121
ABB,Mar 2018,5.48,-1.45,0.72,-994.0,219.20000000000002,121
SBIN,Mar 2021,3.76,-0.04,0.08,86249.0,210.39999999999998,122
JSWENERGY,Mar 2019,3.64,-0.02,-1.01,2436.0,205.6,123
INDUSINDBK,Mar 2022,3.6,-0.02,-0.26,16249.0,204.0,124
KOTAKBANK,Mar 2014,3.59,-0.12,-0.64,7938.0,203.6,125
HDFCLIFE,Mar 2023,5.03,-1.46,0.29,-3188.0,201.20000000000002,126
ONGC,Mar 2016,3.53,-0.83,-0.19,8036.0,201.2,127
ICICIPRULI,Mar 2018,3.51,-0.95,-0.21,301.0,200.39999999999998,128
ADANIENSOL,Mar 2015,5.0,53.26,-54.34,-1899.0,200.0,129
IOC,Mar 2014,3.47,-0.77,-0.13,5601.0,198.8,130
ADANIENT,Mar 2018,4.95,-2.6,1.74,-4707.0,198.0,131
HINDALCO,Mar 2021,4.95,-1.47,-0.28,-8048.0,198.0,131
ICICIBANK,Mar 2024,3.41,-0.92,0.09,12547.0,196.4,132
HINDALCO,Mar 2020,3.38,-0.57,0.52,5518.0,195.2,133
SBILIFE,Mar 2015,3.33,-0.07,-0.04,2533.0,193.2,134
VBL,Dec 2018,3.33,-0.94,-0.08,63.0,193.2,134
ADANIENSOL,Mar 2022,3.31,-0.96,-0.06,161.0,192.4,135
MOTHERSON,Mar 2013,3.29,-0.73,-0.17,397.0,191.6,136
APOLLOHOSP,Mar 2017,4.76,-1.85,0.77,-529.0,190.39999999999998,137
TATAMOTORS,Mar 2016,3.25,-0.97,-0.1,1206.0,190.0,138
MOTHERSON,Mar 2021,3.22,-0.37,-0.42,3165.0,188.8,139
ADANIENSOL,Mar 2019,4.64,-1.18,0.01,-459.0,185.6,140
ADANIENT,Mar 2014,3.11,-0.97,-0.13,221.0,184.39999999999998,141
TATAPOWER,Mar 2022,3.1,-0.93,-0.18,443.0,184.0,142
BPCL,Mar 2013,3.06,-0.61,-0.14,2322.0,182.4,143
M&M,Mar 2020,4.54,4.72,-4.76,-8327.0,181.6,144
DLF,Mar 2013,3.01,0.99,-1.97,14.0,180.39999999999998,145
COALINDIA,Mar 2018,3.0,-0.37,-0.64,13368.0,180.0,146
JSWENERGY,Mar 2014,2.99,-0.16,-0.82,1906.0,179.60000000000002,147
APOLLOHOSP,Mar 2020,2.99,-0.22,-0.7,1004.0,179.60000000000002,147
TATAPOWER,Mar 2024,2.94,-0.72,-0.36,3569.0,177.6,148
SHREECEM,Jun 2015,2.91,-0.8,-0.21,249.0,176.4,149
ICICIGI,Mar 2020,2.88,-0.99,-0.12,51.0,175.2,150
ICICIGI,Mar 2019,2.84,-0.96,-0.1,120.0,173.6,151
VBL,Dec 2020,2.83,-0.47,-0.57,540.0,173.2,152
JINDALSTEL,Mar 2021,2.8,-0.16,-0.39,10077.0,172.0,153
ICICIGI,Mar 2013,2.79,-0.98,0.1,22.0,171.6,154
MOTHERSON,Mar 2023,2.78,-0.48,-0.59,2395.0,171.2,155
POWERGRID,Mar 2020,2.78,-0.35,-0.61,20006.0,171.2,155
ICICIGI,Mar 2018,2.77,-0.79,-0.04,494.0,170.8,156
NTPC,Mar 2023,2.75,-0.55,-0.45,21007.0,170.0,157
SUNPHARMA,Mar 2021,2.72,0.07,-0.97,5763.0,168.8,158
TATASTEEL,Mar 2023,2.69,-0.84,-0.32,3504.0,167.6,159
CANBK,Mar 2013,2.67,-0.05,-0.13,7575.0,166.8,160
TECHM,Mar 2024,2.66,-0.21,-0.75,5058.0,166.4,161
SUNPHARMA,Mar 2022,2.65,-0.62,-0.58,3429.0,166.0,162
KOTAKBANK,Mar 2017,2.63,-0.4,0.46,7933.0,165.2,163
ONGC,Mar 2023,2.63,-0.87,-0.15,11372.0,165.2,163
MOTHERSON,Mar 2015,2.62,-0.84,0.15,546.0,164.8,164
POWERGRID,Mar 2023,2.61,-0.18,-0.76,33065.0,164.39999999999998,165
INDIGO,Mar 2024,2.59,-0.56,-0.47,9424.0,163.6,166
IOC,Mar 2013,2.58,-1.0,0.04,46.0,163.2,167
TATAMOTORS,Mar 2014,2.57,-0.77,-0.11,8160.0,162.8,168
IOC,Mar 2023,2.53,-0.95,-0.06,1614.0,161.2,169
LODHA,Mar 2017,2.52,-0.8,-0.21,295.0,160.8,170
NHPC,Mar 2016,2.52,-0.12,-0.67,5225.0,160.8,170
TVSMOTOR,Mar 2014,2.51,-0.5,-0.46,235.0,160.39999999999998,171
MOTHERSON,Mar 2024,2.51,-0.88,0.17,925.0,160.39999999999998,171
JSWENERGY,Mar 2015,2.5,-0.12,-0.69,2972.0,160.0,172
GRASIM,Mar 2020,2.5,-0.68,-0.21,5256.0,160.0,172
HAVELLS,Mar 2015,2.5,-0.5,-0.78,478.0,160.0,172
TATAMOTORS,Mar 2017,4.0,-1.31,0.21,-9372.0,160.0,172
ULTRACEMCO,Mar 2019,2.48,0.2,-1.13,4791.0,159.2,173
ABB,Mar 2023,3.98,-1.24,0.24,-922.0,159.2,173
NTPC,Mar 2022,2.46,-0.55,-0.46,18897.0,158.4,174
MOTHERSON,Mar 2014,2.46,-0.51,-0.4,1323.0,158.4,174
TITAN,Mar 2017,2.46,-0.56,-0.1,759.0,158.4,174
ICICIPRULI,Mar 2017,2.46,-0.17,-0.24,3434.0,158.4,174
VEDL,Mar 2019,2.45,-0.45,-0.43,13160.0,158.0,175
ZYDUSLIFE,Mar 2020,2.44,-0.34,-0.52,1928.0,157.6,176
TATAPOWER,Mar 2018,2.44,-0.24,-0.74,4852.0,157.6,176
POWERGRID,Mar 2021,2.44,-0.31,-0.7,20159.0,157.6,176
BEL,Mar 2021,2.43,-0.51,-0.21,2498.0,157.2,177
JSWENERGY,Mar 2016,2.42,-0.92,-0.46,266.0,156.8,178
ICICIPRULI,Mar 2022,2.41,-0.45,-0.17,1015.0,156.4,179
JSWSTEEL,Mar 2021,2.39,-0.41,-0.17,11087.0,155.60000000000002,180
NHPC,Mar 2017,2.39,-0.22,-0.94,6465.0,155.60000000000002,180
POWERGRID,Mar 2024,2.39,-0.35,-0.69,24176.0,155.60000000000002,180
RELIANCE,Mar 2020,2.38,-0.76,-0.03,22380.0,155.2,181
ADANIENT,Mar 2021,3.87,-2.13,0.77,-4568.0,154.8,182
HINDALCO,Mar 2024,2.37,-0.59,-0.45,9789.0,154.8,182
COALINDIA,Mar 2022,2.37,-0.63,-0.33,15392.0,154.8,182
JINDALSTEL,Mar 2022,2.37,-0.15,-0.94,13717.0,154.8,182
BPCL,Mar 2014,2.37,-0.72,-0.39,2707.0,154.8,182
ADANIENT,Mar 2020,2.36,-0.44,-0.09,1372.0,154.39999999999998,183
TATACONSUM,Mar 2020,2.35,-0.57,-0.28,460.0,154.0,184
NHPC,Mar 2014,2.34,-0.29,-1.19,2702.0,153.6,185
TVSMOTOR,Mar 2013,2.34,-0.26,-0.87,344.0,153.6,185
AXISBANK,Mar 2014,2.33,-0.98,0.54,298.0,153.2,186
TORNTPHARM,Mar 2022,2.32,-0.11,-0.99,1607.0,152.8,187
POWERGRID,Mar 2019,2.32,-0.8,-0.1,4544.0,152.8,187
CIPLA,Mar 2017,2.3,-0.55,-0.56,1078.0,152.0,188
ULTRACEMCO,Mar 2021,2.29,-0.71,-0.35,3644.0,151.6,189
JSWSTEEL,Mar 2017,2.28,-0.65,-0.34,2794.0,151.2,190
VEDL,Mar 2023,2.28,-0.02,-1.03,32397.0,151.2,190
INDIGO,Mar 2017,2.28,-0.8,-0.37,749.0,151.2,190
IOC,Mar 2021,2.28,-0.46,-0.55,26715.0,151.2,190
BHEL,Mar 2018,2.26,0.97,-0.67,28.0,150.39999999999998,191
NTPC,Mar 2016,2.24,-0.79,-0.16,4963.0,149.60000000000002,192
ONGC,Mar 2021,2.21,-0.83,-0.17,8044.0,148.4,193
ADANIENT,Mar 2015,3.71,-1.34,0.4,-2933.0,148.4,193
ICICIPRULI,Mar 2016,2.2,0.01,-0.4,3607.0,148.0,194
ICICIBANK,Mar 2022,2.19,-0.68,0.3,18663.0,147.6,195
TVSMOTOR,Mar 2016,2.18,-0.65,-0.34,331.0,147.2,196
HINDALCO,Mar 2019,2.18,-0.46,-0.46,6521.0,147.2,196
NTPC,Mar 2021,2.17,-0.65,-0.34,11410.0,146.8,197
AXISBANK,Mar 2022,2.16,-0.96,1.7,1025.0,146.4,198
CANBK,Mar 2015,2.16,-0.17,-0.23,5240.0,146.4,198
ICICIBANK,Mar 2016,2.16,-0.51,0.25,11585.0,146.4,198
GRASIM,Mar 2021,2.16,-0.47,-0.53,7929.0,146.4,198
TATAMOTORS,Mar 2024,2.14,-0.34,-0.54,45133.0,145.60000000000002,199
HINDALCO,Mar 2014,3.62,-1.02,0.19,-139.0,144.8,200
JSWENERGY,Mar 2024,3.61,-1.31,0.27,-1963.0,144.4,201
GAIL,Mar 2016,2.11,-0.23,-0.76,3056.0,144.39999999999998,202
SHREECEM,Mar 2022,2.1,-0.8,-0.32,525.0,144.0,203
ADANIPORTS,Mar 2022,2.1,-0.53,-0.06,4927.0,144.0,203
ADANIPORTS,Mar 2022,2.1,-0.53,-0.06,4927.0,144.0,203
TATASTEEL,Mar 2014,3.59,-1.17,0.08,-2232.0,143.6,204
ADANIPOWER,Mar 2022,2.08,0.08,-1.01,9459.0,143.2,205
MOTHERSON,Mar 2022,2.08,-0.94,-0.49,159.0,143.2,205
IOC,Mar 2016,2.06,-0.53,-0.46,12014.0,142.4,206
BOSCHLTD,Mar 2020,2.06,-0.65,-0.3,463.0,142.4,206
MOTHERSON,Mar 2019,2.06,-0.77,-0.05,994.0,142.4,206
SHREECEM,Mar 2019,2.05,-0.35,-0.61,1360.0,142.0,207
CIPLA,Mar 2020,2.05,0.04,-0.96,2954.0,142.0,207
APOLLOHOSP,Mar 2024,2.05,-0.8,-0.16,383.0,142.0,207
JSWSTEEL,Mar 2018,2.03,-0.37,-0.66,7850.0,141.2,208
MARUTI,Mar 2021,2.02,-0.82,-0.17,1565.0,140.8,209
PNB,Mar 2019,3.51,0.02,-0.42,-34161.0,140.39999999999998,210
RELIANCE,Mar 2024,2.01,-0.72,-0.1,45207.0,140.39999999999998,210
ULTRACEMCO,Mar 2015,1.99,-0.51,-0.5,2046.0,139.6,211
TRENT,Mar 2016,1.98,-0.9,-0.12,11.0,139.2,212
RELIANCE,Mar 2018,1.98,-0.95,-0.03,3267.0,139.2,212
TORNTPHARM,Mar 2024,1.97,-0.05,-0.85,3106.0,138.8,213
ADANIPORTS,Mar 2020,1.96,-0.1,-0.57,6653.0,138.4,214
ADANIPORTS,Mar 2020,1.96,-0.1,-0.57,6653.0,138.4,214
HAVELLS,Mar 2014,1.95,-0.43,-0.36,492.0,138.0,215
NESTLEIND,Dec 2015,1.95,-0.06,-0.45,1028.0,138.0,215
JSWSTEEL,Mar 2019,1.94,-0.78,0.12,3246.0,137.6,216
JSWENERGY,Mar 2020,1.93,0.14,-0.94,1781.0,137.2,217
AMBUJACEM,Dec 2015,1.93,-0.05,-0.58,1474.0,137.2,217
SHREECEM,Mar 2024,1.93,-0.42,-0.51,1929.0,137.2,217
ONGC,Mar 2015,1.92,-0.89,-0.31,3892.0,136.8,218
TRENT,Mar 2020,3.41,-2.24,1.25,-448.0,136.4,219
JSWENERGY,Mar 2013,1.91,-0.55,-0.4,781.0,136.39999999999998,220
NTPC,Mar 2024,1.91,-0.79,-0.2,8644.0,136.39999999999998,220
HINDALCO,Mar 2023,1.9,-0.39,-0.54,11649.0,136.0,221
DRREDDY,Mar 2018,1.9,-0.82,-0.25,320.0,136.0,221
TORNTPHARM,Mar 2023,1.9,-0.99,0.03,33.0,136.0,221
TVSMOTOR,Mar 2021,1.89,-0.77,0.23,269.0,135.6,222
DLF,Mar 2022,1.89,0.09,-1.35,2565.0,135.6,222
INDIGO,Mar 2014,3.36,-1.83,0.81,-1319.0,134.4,223
TECHM,Mar 2021,1.86,-0.67,-0.37,2661.0,134.4,223
POWERGRID,Mar 2014,3.35,-1.75,0.9,-11416.0,134.0,224
ADANIPORTS,Mar 2024,1.85,-0.45,-0.52,8250.0,134.0,224
ADANIPORTS,Mar 2024,1.85,-0.45,-0.52,8250.0,134.0,224
JINDALSTEL,Mar 2023,1.85,-0.56,-0.34,3257.0,134.0,224
ULTRACEMCO,Mar 2017,1.84,-0.5,-0.51,2504.0,133.60000000000002,225
ZOMATO,Mar 2024,1.84,-0.54,-0.32,298.0,133.60000000000002,225
LT,Mar 2022,1.84,-0.19,-0.79,15579.0,133.60000000000002,225
DRREDDY,Mar 2021,1.83,-0.63,-0.01,1315.0,133.2,226
INDIGO,Mar 2015,1.83,-0.39,-0.55,1444.0,133.2,226
LT,Mar 2023,1.82,-0.35,-0.51,14729.0,132.8,227
CANBK,Mar 2017,1.82,-0.18,0.05,2099.0,132.8,227
SHREECEM,Mar 2021,1.82,-0.62,-0.29,1603.0,132.8,227
ULTRACEMCO,Mar 2016,1.82,-0.81,-0.19,853.0,132.8,227
GAIL,Mar 2018,1.82,-0.3,-0.6,6109.0,132.8,227
ONGC,Mar 2019,1.81,-0.6,-0.38,24326.0,132.4,228
ULTRACEMCO,Mar 2023,1.79,-0.79,-0.18,1881.0,131.6,229
HINDALCO,Mar 2018,1.79,0.49,-1.51,5565.0,131.6,229
LT,Mar 2021,1.79,-0.25,-0.66,17324.0,131.6,229
GAIL,Mar 2017,1.79,-0.06,-0.88,5690.0,131.6,229
SBILIFE,Mar 2013,1.79,-0.2,-0.05,903.0,131.6,229
GRASIM,Mar 2015,1.78,-0.51,-0.5,2235.0,131.2,230
TATACONSUM,Mar 2021,1.78,-0.21,-0.26,1310.0,131.2,230
SHREECEM,Jun 2014,1.78,-0.88,-0.11,167.0,131.2,230
RELIANCE,Mar 2013,1.77,-0.75,0.01,9317.0,130.8,231
COALINDIA,Mar 2017,1.77,0.03,-1.07,16006.0,130.8,231
AMBUJACEM,Dec 2017,1.76,-0.22,-0.3,2678.0,130.4,232
HCLTECH,Mar 2021,1.76,-0.29,-0.57,13953.0,130.4,232
TATAPOWER,Mar 2019,1.76,-0.06,-1.13,4302.0,130.4,232
JSWSTEEL,Mar 2020,3.26,-1.53,0.41,-6804.0,130.39999999999998,233
ULTRACEMCO,Mar 2018,1.75,0.48,-1.48,2022.0,130.0,234
ONGC,Mar 2024,1.74,-0.58,-0.46,42060.0,129.6,235
BPCL,Mar 2022,1.74,-0.4,-0.87,12198.0,129.6,235
BOSCHLTD,Mar 2021,1.73,-0.55,-0.4,372.0,129.2,236
NHPC,Mar 2024,1.72,-0.86,-0.08,970.0,128.8,237
GRASIM,Mar 2017,1.72,-0.48,-0.52,3779.0,128.8,237
AMBUJACEM,Dec 2019,1.7,-0.25,-0.13,3548.0,128.0,238
GRASIM,Mar 2016,1.7,-0.77,-0.23,1353.0,128.0,238
BRITANNIA,Mar 2014,1.7,-0.37,-0.53,425.0,128.0,238
MARUTI,Mar 2015,1.69,-0.7,-0.31,1958.0,127.6,239
BEL,Mar 2016,1.69,-0.65,-0.14,790.0,127.6,239
NHPC,Mar 2018,1.69,-0.19,-0.82,3810.0,127.6,239
JSWENERGY,Mar 2022,1.69,-0.47,-0.26,1565.0,127.6,239
TRENT,Mar 2022,1.66,0.97,-1.86,2.0,126.39999999999999,240
HAVELLS,Mar 2018,1.66,-0.86,-0.37,154.0,126.39999999999999,240
DRREDDY,Mar 2017,1.66,-0.88,-0.17,254.0,126.39999999999999,240
VBL,Dec 2021,1.65,-0.82,-0.14,223.0,126.0,241
LODHA,Mar 2022,1.65,0.57,-1.45,859.0,126.0,241
IOC,Mar 2024,1.65,-0.44,-0.55,39635.0,126.0,241
SHREECEM,Mar 2017,1.64,-0.93,-0.08,154.0,125.6,242
MARUTI,Mar 2013,1.64,-0.77,-0.24,940.0,125.6,242
TATACONSUM,Mar 2017,1.63,0.2,-1.1,596.0,125.19999999999999,243
POWERGRID,Mar 2015,3.13,-1.53,0.4,-8385.0,125.19999999999999,243
APOLLOHOSP,Mar 2023,1.63,-0.62,-0.46,520.0,125.19999999999999,243
RELIANCE,Mar 2022,1.63,-0.99,0.16,1492.0,125.19999999999999,243
IRCTC,Mar 2019,1.61,-0.71,-0.36,146.0,124.4,244
NESTLEIND,Dec 2013,1.61,-0.25,-0.32,1355.0,124.4,244
VEDL,Mar 2021,1.6,-0.28,-0.73,17302.0,124.0,245
VEDL,Mar 2017,1.6,0.15,-0.69,15402.0,124.0,245
TORNTPHARM,Mar 2021,1.6,-0.22,-0.82,1561.0,124.0,245
ONGC,Mar 2022,1.59,-0.53,-0.46,37051.0,123.6,246
WIPRO,Mar 2024,1.59,0.06,-1.04,16478.0,123.6,246
ADANIENT,Mar 2024,3.09,-1.82,0.86,-8455.0,123.6,246
TATACONSUM,Mar 2024,1.59,-0.99,0.13,26.0,123.6,246
TORNTPHARM,Mar 2016,1.58,-0.32,-0.52,1873.0,123.2,247
ONGC,Mar 2017,1.57,-0.96,-0.04,1965.0,122.80000000000001,248
CIPLA,Mar 2021,1.57,-0.63,-0.33,1381.0,122.80000000000001,248
INDIGO,Mar 2016,1.57,-0.43,-0.39,1779.0,122.80000000000001,248
SUNPHARMA,Mar 2020,1.57,-0.34,-0.87,4330.0,122.80000000000001,248
AMBUJACEM,Dec 2020,1.56,-0.27,-0.82,3515.0,122.4,249
PIDILITIND,Mar 2024,1.56,-0.65,-0.27,955.0,122.4,249
ULTRACEMCO,Mar 2020,1.56,-0.47,-0.57,4780.0,122.4,249
ULTRACEMCO,Mar 2014,1.56,-0.68,-0.27,1113.0,122.4,249
ULTRACEMCO,Mar 2024,1.56,-0.81,-0.18,2109.0,122.4,249
HAVELLS,Mar 2017,1.55,-0.29,-0.13,547.0,122.0,250
RELIANCE,Mar 2023,1.55,-0.81,0.09,22031.0,122.0,250
POWERGRID,Mar 2022,1.55,0.03,-1.11,25371.0,122.0,250
SBIN,Mar 2022,1.55,-0.05,-0.07,55043.0,122.0,250
DLF,Mar 2019,1.55,0.0,0.43,2040.0,122.0,250
HAVELLS,Mar 2024,1.54,-0.83,-0.27,335.0,121.6,251
SUNPHARMA,Mar 2018,1.54,-0.79,-0.39,803.0,121.6,251
MARUTI,Mar 2016,1.54,-0.85,-0.15,1252.0,121.6,251
DRREDDY,Mar 2016,1.53,-0.49,-0.52,1653.0,121.2,252
TATACONSUM,Mar 2015,1.53,-0.5,-0.94,211.0,121.2,252
APOLLOHOSP,Mar 2022,1.53,-0.44,-0.47,949.0,121.2,252
ADANIPORTS,Mar 2018,1.52,-0.69,-0.34,1762.0,120.8,253
HAL,Mar 2023,1.52,-0.65,-0.2,3102.0,120.8,253
UNIONBANK,Mar 2014,1.52,-0.14,1.91,2207.0,120.8,253
IRCTC,Mar 2016,1.52,0.02,-0.11,281.0,120.8,253
ADANIPORTS,Mar 2018,1.52,-0.69,-0.34,1762.0,120.8,253
LICI,Mar 2023,1.51,-0.97,-0.02,1671.0,120.4,254
ZYDUSLIFE,Mar 2021,1.51,-0.25,-0.77,2457.0,120.4,254
TRENT,Mar 2023,1.51,-0.17,-0.83,492.0,120.4,254
HEROMOTOCO,Mar 2020,1.51,-0.51,-0.47,2699.0,120.4,254
HINDUNILVR,Mar 2024,1.5,-0.34,-0.65,10145.0,120.0,255
MARUTI,Mar 2018,1.5,-0.7,-0.29,3486.0,120.0,255
ADANIPORTS,Mar 2019,1.49,-0.72,0.38,1661.0,119.6,256
TATACONSUM,Mar 2022,1.49,-0.87,-0.66,199.0,119.6,256
ADANIPORTS,Mar 2019,1.49,-0.72,0.38,1661.0,119.6,256
NESTLEIND,Dec 2017,1.48,-0.07,-0.55,1687.0,119.2,257
IRCTC,Mar 2017,1.48,0.28,-0.4,244.0,119.2,257
DRREDDY,Mar 2019,1.47,-0.27,-0.74,2101.0,118.8,258
VEDL,Mar 2022,1.47,-0.06,-0.83,32720.0,118.8,258
SBIN,Mar 2015,1.47,-0.13,-0.06,22873.0,118.8,258
DRREDDY,Mar 2020,1.47,-0.17,-0.84,2489.0,118.8,258
NESTLEIND,Dec 2016,1.46,-0.09,-0.45,1340.0,118.4,259
GAIL,Mar 2021,1.46,-0.52,-0.39,4353.0,118.4,259
NTPC,Mar 2014,1.45,-0.94,-0.16,1022.0,118.0,260
ADANIENSOL,Mar 2023,2.95,-1.24,0.24,-922.0,118.0,260
NHPC,Mar 2015,1.45,-0.19,-0.61,3293.0,118.0,260
AMBUJACEM,Dec 2012,1.44,-0.21,-0.27,1472.0,117.6,261
UNIONBANK,Mar 2024,1.44,-0.07,-0.58,18536.0,117.6,261
HAVELLS,Mar 2022,1.44,-0.44,-0.32,969.0,117.6,261
MOTHERSON,Mar 2018,1.44,-0.98,-0.68,70.0,117.6,261
ADANIENSOL,Mar 2021,2.93,-1.06,-0.2,-225.0,117.2,262
HCLTECH,Mar 2024,1.43,-0.29,-0.69,15840.0,117.19999999999999,263
KOTAKBANK,Mar 2016,1.43,-0.47,0.4,2672.0,117.19999999999999,263
TECHM,Mar 2017,1.43,-0.71,-0.39,1178.0,117.19999999999999,263
AMBUJACEM,Dec 2021,1.43,-0.38,-0.1,3302.0,117.19999999999999,263
UNITDSPR,Mar 2018,1.42,0.11,-1.04,821.0,116.8,264
BEL,Mar 2020,1.41,-0.25,-0.41,1921.0,116.4,265
HEROMOTOCO,Mar 2014,1.41,-0.55,-0.48,1347.0,116.4,265
NHPC,Mar 2021,1.41,-0.32,-0.6,3463.0,116.4,265
VBL,Dec 2017,2.9,-1.2,0.26,-126.0,116.0,266
HEROMOTOCO,Mar 2021,1.4,-0.56,-0.45,1821.0,116.0,266
POWERGRID,Mar 2017,2.9,-1.1,0.18,-2261.0,116.0,266
NESTLEIND,Dec 2014,1.39,-0.26,-0.99,1212.0,115.6,267
UNITDSPR,Mar 2019,1.39,-0.07,-0.85,882.0,115.6,267
IOC,Mar 2017,1.38,-0.63,-0.39,10532.0,115.19999999999999,268
VEDL,Mar 2014,1.37,-0.19,-0.32,12711.0,114.80000000000001,269
CANBK,Mar 2018,2.87,0.04,-0.26,-11607.0,114.80000000000001,269
BPCL,Mar 2016,1.37,-0.83,-0.12,1886.0,114.80000000000001,269
PNB,Mar 2015,1.37,-0.18,1.55,3942.0,114.80000000000001,269
MARUTI,Mar 2017,1.37,-0.89,-0.11,1109.0,114.80000000000001,269
TORNTPHARM,Mar 2020,1.36,0.16,-1.11,1164.0,114.4,270
GODREJCP,Mar 2014,1.36,-0.44,-0.56,622.0,114.4,270
WIPRO,Mar 2021,1.36,0.05,-0.87,14070.0,114.4,270
DLF,Mar 2021,1.35,0.1,-1.5,1310.0,114.0,271
NHPC,Mar 2019,1.35,-0.31,-0.69,2642.0,114.0,271
BPCL,Mar 2021,1.35,-0.11,-0.6,20981.0,114.0,271
BPCL,Mar 2024,1.34,-0.29,-0.71,25415.0,113.6,272
GAIL,Mar 2015,1.33,-0.67,-0.73,1405.0,113.2,273
HDFCBANK,Mar 2021,1.33,-0.04,-0.17,40653.0,113.2,273
HEROMOTOCO,Mar 2024,1.32,-0.37,-0.55,3095.0,112.80000000000001,274
ADANIPORTS,Mar 2015,1.32,-0.81,-0.08,572.0,112.80000000000001,274
ICICIGI,Mar 2023,1.32,-0.74,-0.3,605.0,112.80000000000001,274
ADANIPORTS,Mar 2015,1.32,-0.81,-0.08,572.0,112.80000000000001,274
CIPLA,Mar 2022,1.31,-0.56,-0.48,1468.0,112.4,275
MARUTI,Mar 2023,1.31,-0.82,-0.11,1995.0,112.4,275
DRREDDY,Mar 2023,1.31,-0.7,-0.46,1779.0,112.4,275
SBIN,Mar 2013,1.31,-0.09,-0.18,22061.0,112.4,275
ZYDUSLIFE,Mar 2023,1.29,0.57,-1.64,1147.0,111.6,276
DRREDDY,Mar 2022,1.29,-0.91,-0.09,246.0,111.6,276
SBIN,Mar 2014,1.29,-0.04,0.19,18351.0,111.6,276
WIPRO,Mar 2019,1.29,0.44,-0.42,6567.0,111.6,276
IOC,Mar 2018,1.29,-0.59,-0.41,11996.0,111.6,276
BHEL,Mar 2014,1.29,-0.19,0.12,3644.0,111.6,276
RELIANCE,Mar 2016,1.28,-0.95,-0.08,1948.0,111.2,277
M&M,Mar 2022,1.28,-0.35,-0.64,5996.0,111.2,277
NESTLEIND,Dec 2018,1.28,-0.03,-0.64,2000.0,111.2,277
TATASTEEL,Mar 2019,2.78,-1.15,-0.03,-3840.0,111.19999999999999,278
GAIL,Mar 2024,1.27,-0.65,-0.27,4360.0,110.8,279
VBL,Dec 2019,2.77,-1.77,0.85,-1012.0,110.8,279
EICHERMOT,Mar 2018,1.27,-0.86,-0.11,337.0,110.8,279
POWERGRID,Mar 2018,2.77,-1.13,0.06,-2991.0,110.8,279
ULTRACEMCO,Mar 2022,1.27,0.24,-1.35,7026.0,110.8,279
VEDL,Mar 2018,1.27,0.89,-2.26,1886.0,110.8,279
BOSCHLTD,Mar 2018,1.26,-0.68,-0.19,559.0,110.4,280
SUNPHARMA,Mar 2024,1.26,-0.06,-0.55,11372.0,110.4,280
UNITDSPR,Mar 2020,1.26,-0.25,-0.95,589.0,110.4,280
GODREJCP,Mar 2023,1.26,-0.82,-0.37,397.0,110.4,280
EICHERMOT,Mar 2021,1.26,-0.96,-0.01,66.0,110.4,280
DMART,Mar 2021,1.25,-0.81,-0.13,265.0,110.0,281
JSWSTEEL,Mar 2022,1.25,-0.56,-0.56,11522.0,110.0,281
MARUTI,Mar 2024,1.25,-0.71,-0.24,4936.0,110.0,281
HCLTECH,Mar 2022,1.25,0.09,-0.86,15303.0,110.0,281
CANBK,Mar 2020,2.75,0.08,-1.47,-5734.0,110.0,281
DABUR,Mar 2021,1.25,-0.66,-0.29,711.0,110.0,281
ICICIGI,Mar 2024,1.25,-0.8,-0.15,486.0,110.0,281
SHREECEM,Jun 2013,1.25,-0.21,-0.78,990.0,110.0,281
ASIANPAINT,Mar 2016,1.24,-0.39,-0.38,1377.0,109.6,282
BRITANNIA,Mar 2018,1.24,-0.77,-0.19,292.0,109.6,282
LTIM,Mar 2024,1.24,-0.69,-0.4,1752.0,109.6,282
LTIM,Mar 2021,1.24,-0.69,-0.21,743.0,109.6,282
HINDALCO,Mar 2022,1.23,-0.4,-0.4,10065.0,109.2,283
BRITANNIA,Mar 2013,1.23,0.09,-1.18,292.0,109.2,283
IRFC,Mar 2024,1.23,-0.0,-1.02,7906.0,109.2,283
MOTHERSON,Mar 2016,1.23,-0.87,-0.12,282.0,109.2,283
NHPC,Mar 2022,1.22,-0.67,-0.14,1506.0,108.8,284
GAIL,Mar 2019,1.22,-0.71,-0.42,2283.0,108.8,284
BRITANNIA,Mar 2024,1.21,0.19,-1.1,2096.0,108.4,285
HCLTECH,Mar 2020,1.21,-0.92,-0.24,1027.0,108.4,285
POWERGRID,Mar 2013,2.71,-1.89,0.85,-10394.0,108.4,285
PIDILITIND,Mar 2023,1.21,-0.58,-0.42,659.0,108.4,285
HCLTECH,Mar 2023,1.21,-0.2,-0.88,14436.0,108.4,285
GRASIM,Mar 2014,1.2,-0.66,-0.29,1213.0,108.0,286
TRENT,Mar 2017,1.2,-0.43,-0.5,58.0,108.0,286
BEL,Mar 2015,1.2,-0.59,-0.15,595.0,108.0,286
UNITDSPR,Mar 2022,1.2,-0.32,-0.7,664.0,108.0,286
LTIM,Mar 2017,1.2,-0.82,-0.03,209.0,108.0,286
ICICIGI,Mar 2021,1.2,-0.77,-0.12,407.0,108.0,286
INFY,Mar 2021,1.2,-0.32,-0.42,15851.0,108.0,286
DABUR,Mar 2014,1.2,-0.09,-0.73,994.0,108.0,286
HEROMOTOCO,Mar 2016,1.2,-0.62,-0.4,1422.0,108.0,286
TCS,Mar 2021,1.19,-0.21,-0.84,30846.0,107.6,287
ABB,Mar 2022,1.19,-0.42,-0.67,552.0,107.6,287
BOSCHLTD,Dec 2013,1.19,-0.8,-0.23,211.0,107.6,287
SUNPHARMA,Mar 2016,1.18,-0.59,-0.28,2737.0,107.19999999999999,288
GODREJCP,Mar 2021,1.18,-0.14,-0.89,1738.0,107.19999999999999,288
NESTLEIND,Dec 2020,1.18,-0.13,-0.8,2133.0,107.19999999999999,288
APOLLOHOSP,Mar 2014,1.18,-0.95,-0.17,17.0,107.19999999999999,288
LT,Mar 2024,1.17,0.12,-1.39,16087.0,106.8,289
DLF,Mar 2023,1.17,-0.19,-0.85,1914.0,106.8,289
NESTLEIND,Dec 2019,1.17,0.04,-1.57,2212.0,106.8,289
HINDUNILVR,Mar 2018,1.16,-0.18,-0.82,4996.0,106.4,290
BRITANNIA,Mar 2016,1.16,-0.74,-0.26,254.0,106.4,290
SIEMENS,Sep 2019,1.16,-0.89,-0.25,138.0,106.4,290
UNIONBANK,Mar 2019,2.66,0.04,-0.23,-8075.0,106.4,290
ASIANPAINT,Mar 2021,1.15,-0.15,-0.18,3142.0,106.0,291
WIPRO,Mar 2023,1.15,-0.63,-0.47,4891.0,106.0,291
ITC,Mar 2018,1.15,-0.54,-0.47,6055.0,106.0,291
TECHM,Mar 2023,1.15,-0.04,-0.91,5346.0,106.0,291
HINDUNILVR,Mar 2017,1.15,-0.23,-0.81,4012.0,106.0,291
VBL,Dec 2022,1.15,-0.99,-0.01,21.0,106.0,291
HINDUNILVR,Mar 2021,1.15,-0.13,-1.02,7935.0,106.0,291
NESTLEIND,Dec 2022,1.14,-0.14,-0.78,2345.0,105.6,292
PIDILITIND,Mar 2020,1.14,0.08,-0.66,1177.0,105.6,292
DABUR,Mar 2013,1.14,-0.71,-0.27,248.0,105.6,292
CIPLA,Mar 2023,1.14,-0.73,-0.3,862.0,105.6,292
NESTLEIND,Dec 2023,1.13,-0.27,-0.72,2465.0,105.19999999999999,293
BPCL,Mar 2018,1.13,-0.64,-0.38,4002.0,105.19999999999999,293
HDFCBANK,Mar 2017,1.13,-0.07,-0.34,16136.0,105.19999999999999,293
HAVELLS,Mar 2020,1.13,-0.66,-0.87,279.0,105.19999999999999,293
HEROMOTOCO,Mar 2017,1.13,-0.49,-0.51,2035.0,105.19999999999999,293
CIPLA,Mar 2019,1.13,-1.0,-0.21,3.0,105.19999999999999,293
COALINDIA,Mar 2023,1.13,-0.66,-0.38,12269.0,105.19999999999999,293
HINDUNILVR,Mar 2020,1.13,0.23,-0.89,5832.0,105.19999999999999,293
AMBUJACEM,Dec 2014,1.13,-0.27,-0.43,1219.0,105.19999999999999,293
SBIN,Mar 2020,1.13,-0.02,0.23,23374.0,105.19999999999999,293
TATAMOTORS,Mar 2018,2.62,-1.05,0.08,-1282.0,104.80000000000001,294
PIDILITIND,Mar 2016,1.12,-0.54,-0.41,416.0,104.80000000000001,294
TECHM,Mar 2020,1.12,0.25,-1.02,3277.0,104.80000000000001,294
ASIANPAINT,Mar 2019,1.12,-0.37,-0.45,1552.0,104.80000000000001,294
HCLTECH,Jun 2013,1.11,-0.53,-0.46,2131.0,104.4,295
SBIN,Mar 2016,1.11,-0.19,0.3,11730.0,104.4,295
TATACONSUM,Mar 2023,1.11,-0.57,-0.49,627.0,104.4,295
DABUR,Mar 2020,1.11,-0.32,-0.65,1097.0,104.4,295
CIPLA,Mar 2014,1.11,-0.81,-0.17,298.0,104.4,295
ABB,Mar 2019,1.11,-0.52,-0.29,242.0,104.4,295
ABB,Mar 2017,1.11,-0.5,-0.29,152.0,104.4,295
PIDILITIND,Mar 2013,1.11,-0.31,-0.72,328.0,104.4,295
DABUR,Mar 2024,1.11,-0.48,-0.58,1042.0,104.4,295
ASIANPAINT,Mar 2014,1.11,-0.42,-0.45,816.0,104.4,295
DMART,Mar 2023,1.11,-0.88,-0.08,317.0,104.4,295
ASIANPAINT,Mar 2024,1.1,-0.42,-0.49,3556.0,104.0,296
ASIANPAINT,Mar 2020,1.1,-0.17,-0.95,2520.0,104.0,296
HAVELLS,Mar 2013,1.1,-0.23,-0.39,494.0,104.0,296
NHPC,Mar 2023,1.1,-0.89,-0.17,514.0,104.0,296
EICHERMOT,Mar 2016,1.09,-0.68,-0.32,462.0,103.6,297
BRITANNIA,Mar 2023,1.09,-0.6,-0.41,1019.0,103.6,297
HEROMOTOCO,Mar 2018,1.08,-0.46,-0.52,2159.0,103.2,298
LTIM,Mar 2013,1.08,-0.37,-0.65,384.0,103.2,298
INFY,Mar 2022,1.08,-0.27,-1.03,17400.0,103.2,298
DIVISLAB,Mar 2017,1.08,-0.99,0.0,10.0,103.2,298
DRREDDY,Mar 2015,1.08,-0.94,-0.17,154.0,103.2,298
SHREECEM,Mar 2023,1.08,-0.94,-0.11,164.0,103.2,298
RECLTD,Mar 2017,1.08,-0.01,-0.58,6704.0,103.2,298
HAL,Mar 2024,1.08,-0.78,-0.24,1814.0,103.2,298
TORNTPHARM,Mar 2017,1.08,-0.79,-0.19,211.0,103.2,298
ZYDUSLIFE,Mar 2014,1.08,-0.49,-0.59,465.0,103.2,298
LTIM,Mar 2020,1.08,-0.39,-0.54,1001.0,103.2,298
DMART,Mar 2024,1.08,-0.9,-0.05,278.0,103.2,298
PIDILITIND,Mar 2015,1.07,-0.79,-0.3,116.0,102.80000000000001,299
SHREECEM,Mar 2020,2.57,-1.41,0.4,-1617.0,102.8,300
NESTLEIND,Dec 2021,1.06,-0.86,-0.9,316.0,102.4,301
ABB,Mar 2020,1.06,-0.64,-0.35,225.0,102.4,301
GODREJCP,Mar 2020,1.06,-0.35,-0.82,1036.0,102.4,301
NESTLEIND,Mar 2024,1.06,-0.3,-0.75,2938.0,102.4,301
TATASTEEL,Mar 2022,1.06,-0.25,-0.53,33476.0,102.4,301
HCLTECH,Mar 2017,1.05,-0.43,-0.5,5105.0,102.0,302
GODREJCP,Mar 2018,1.05,-0.2,-0.8,1387.0,102.0,302
ABB,Mar 2021,1.05,-0.1,-0.8,655.0,102.0,302
WIPRO,Mar 2018,1.05,0.43,-1.54,4828.0,102.0,302
COALINDIA,Mar 2015,1.05,0.06,-1.04,13488.0,102.0,302
DABUR,Mar 2019,1.04,0.23,-1.26,1161.0,101.6,303
BOSCHLTD,Mar 2015,1.04,-0.85,-0.17,213.0,101.6,303
ADANIPORTS,Mar 2017,1.04,-0.65,-0.33,1434.0,101.6,303
APOLLOHOSP,Mar 2016,2.54,-1.49,0.55,-291.0,101.6,303
TCS,Mar 2022,1.04,-0.02,-0.84,39211.0,101.6,303
BAJAJ-AUTO,Mar 2014,1.04,-0.59,-0.43,1430.0,101.6,303
TECHM,Mar 2016,1.04,-0.46,-0.16,1684.0,101.6,303
BAJAJ-AUTO,Mar 2014,1.04,-0.59,-0.43,1430.0,101.6,303
ADANIPORTS,Mar 2017,1.04,-0.65,-0.33,1434.0,101.6,303
WIPRO,Mar 2013,1.03,-0.71,-0.18,1858.0,101.2,304
TECHM,Mar 2019,1.03,-0.47,-0.51,2328.0,101.2,304
SUNPHARMA,Mar 2015,1.03,-0.27,-0.21,4114.0,101.2,304
CIPLA,Mar 2018,1.03,-0.57,-0.26,629.0,101.2,304
DABUR,Mar 2022,1.03,-0.71,-0.27,529.0,101.2,304
WIPRO,Mar 2020,1.03,0.36,-1.5,6471.0,101.2,304
BAJAJ-AUTO,Mar 2018,1.03,-0.45,-0.44,2374.0,101.2,304
ITC,Mar 2016,1.03,-0.4,-0.57,5878.0,101.2,304
BAJAJ-AUTO,Mar 2018,1.03,-0.45,-0.44,2374.0,101.2,304
LTIM,Mar 2016,1.03,-0.05,-0.95,818.0,101.2,304
GODREJCP,Mar 2016,1.02,-0.73,-0.24,225.0,100.8,305
TATAMOTORS,Mar 2015,2.52,-1.02,0.15,-701.0,100.8,305
POWERGRID,Mar 2016,2.52,-1.44,0.37,-6568.0,100.8,305
ITC,Mar 2022,1.02,-0.14,-0.86,13538.0,100.8,305
INFY,Mar 2020,1.02,-0.02,-1.03,16672.0,100.8,305
HINDUNILVR,Mar 2022,1.02,-0.19,-0.89,7320.0,100.8,305
SUNPHARMA,Mar 2014,1.02,-0.55,0.13,1783.0,100.8,305
ASIANPAINT,Mar 2013,1.02,-0.39,-0.51,724.0,100.8,305
ABB,Mar 2024,1.01,-0.34,-0.61,797.0,100.4,306
SIEMENS,Sep 2014,1.01,0.21,-0.36,478.0,100.4,306
ASIANPAINT,Mar 2018,1.01,-0.74,-0.65,557.0,100.4,306
ITC,Mar 2017,1.01,-0.31,-0.69,7376.0,100.4,306
ICICIGI,Mar 2016,1.01,-0.61,-0.29,201.0,100.4,306
ITC,Mar 2015,1.01,-0.54,-0.47,4568.0,100.4,306
BRITANNIA,Mar 2021,1.01,0.23,-1.2,1443.0,100.4,306
ASIANPAINT,Mar 2023,1.0,-0.31,-0.51,2911.0,100.0,307
IOC,Mar 2022,1.0,-0.83,-0.16,4453.0,100.0,307
HINDUNILVR,Mar 2016,1.0,-0.07,-0.93,3889.0,100.0,307
TCS,Mar 2020,1.0,0.28,-1.23,23401.0,100.0,307
CIPLA,Mar 2024,1.0,-0.72,-0.29,1152.0,100.0,307
BRITANNIA,Mar 2019,1.0,-0.74,-0.31,304.0,100.0,307
DRREDDY,Mar 2014,1.0,-0.81,-0.01,366.0,100.0,307
DLF,Mar 2014,2.49,2.67,-3.09,-2456.0,99.60000000000001,308
HINDUNILVR,Mar 2023,0.99,-0.15,-0.9,8507.0,99.6,309
TCS,Mar 2023,0.99,0.01,-1.14,41417.0,99.6,309
HCLTECH,Jun 2014,0.99,-0.75,-0.2,1615.0,99.6,309
NAUKRI,Mar 2013,0.99,-0.61,-0.16,29.0,99.6,309
NHPC,Mar 2013,0.99,-0.47,-0.47,1516.0,99.6,309
AMBUJACEM,Dec 2013,0.99,-0.39,-0.53,771.0,99.6,309
ABB,Mar 2016,0.98,-0.31,-0.32,172.0,99.2,310
DABUR,Mar 2015,0.98,-0.84,-0.4,171.0,99.2,310
CANBK,Mar 2024,0.98,-0.12,-0.25,13296.0,99.2,310
DIVISLAB,Mar 2021,0.98,0.04,-0.02,1872.0,99.2,310
ITC,Mar 2019,0.98,-0.44,-0.55,7037.0,99.2,310
TCS,Mar 2015,0.97,-0.09,-0.89,17562.0,98.8,311
EICHERMOT,Mar 2023,0.97,-0.85,-0.15,426.0,98.8,311
SUNPHARMA,Mar 2013,0.97,-0.71,-0.2,982.0,98.8,311
ITC,Mar 2023,0.97,-0.3,-0.69,13146.0,98.8,311
TCS,Mar 2018,0.97,0.12,-1.07,21963.0,98.8,311
HINDUNILVR,Mar 2014,0.97,-0.12,-0.78,3343.0,98.8,311
DIVISLAB,Mar 2015,0.97,-0.63,-0.37,305.0,98.8,311
INFY,Mar 2019,0.96,-0.04,-0.98,14209.0,98.4,312
ZYDUSLIFE,Mar 2016,0.96,-0.45,-0.49,1034.0,98.4,312
COALINDIA,Mar 2014,0.96,0.59,-1.75,5945.0,98.4,312
TCS,Mar 2024,0.96,0.14,-1.09,38247.0,98.4,312
INFY,Mar 2024,0.96,-0.2,-0.69,20117.0,98.4,312
DABUR,Mar 2017,0.96,-0.66,-0.28,420.0,98.4,312
GAIL,Mar 2014,0.96,-0.97,-0.0,149.0,98.4,312
TCS,Mar 2017,0.96,-0.67,-0.44,8328.0,98.4,312
HINDUNILVR,Mar 2019,0.96,-0.08,-0.93,5362.0,98.4,312
DABUR,Mar 2016,0.95,-0.61,-0.32,457.0,98.0,313
CIPLA,Mar 2015,0.95,-0.81,0.14,223.0,98.0,313
HCLTECH,Mar 2018,0.95,-0.27,-0.69,6092.0,98.0,313
HINDUNILVR,Mar 2013,0.94,0.02,-1.15,3542.0,97.6,314
COALINDIA,Mar 2019,0.94,-0.48,-0.67,8460.0,97.6,314
TECHM,Mar 2018,0.94,-0.93,-0.08,235.0,97.6,314
ITC,Mar 2020,0.94,-0.42,-0.56,8516.0,97.6,314
ITC,Mar 2021,0.94,0.46,-1.49,6787.0,97.6,314
TECHM,Mar 2022,0.94,0.09,-0.88,4805.0,97.6,314
ABB,Mar 2015,0.94,-0.87,-0.27,28.0,97.6,314
ABB,Mar 2023,0.94,-0.17,-0.72,745.0,97.6,314
EICHERMOT,Mar 2024,0.93,-0.76,-0.23,890.0,97.2,315
EICHERMOT,Mar 2020,0.93,-0.89,-0.51,186.0,97.2,315
HEROMOTOCO,Mar 2023,0.93,-0.16,-0.82,2193.0,97.2,315
DLF,Mar 2024,0.93,-0.6,0.07,1010.0,97.2,315
INFY,Mar 2023,0.93,-0.05,-1.19,21396.0,97.2,315
HDFCBANK,Mar 2018,0.93,-0.05,3.33,16372.0,97.2,315
DMART,Mar 2022,0.92,-0.94,-0.13,83.0,96.80000000000001,316
HEROMOTOCO,Mar 2015,0.92,0.01,-0.97,2155.0,96.80000000000001,316
COALINDIA,Mar 2016,0.92,0.62,-1.49,5000.0,96.80000000000001,316
DIVISLAB,Mar 2016,0.92,-0.39,-0.61,632.0,96.80000000000001,316
ITC,Mar 2013,0.92,-0.55,-0.47,3221.0,96.80000000000001,316
LTIM,Mar 2019,0.92,-0.54,-0.43,646.0,96.80000000000001,316
TECHM,Mar 2015,0.92,-0.76,-0.34,583.0,96.80000000000001,316
INFY,Mar 2014,0.92,-0.26,-0.32,7262.0,96.80000000000001,316
TRENT,Mar 2014,2.42,1.04,1.09,-94.0,96.8,317
JINDALSTEL,Mar 2014,2.42,-2.77,1.94,-8114.0,96.8,317
TRENT,Mar 2024,0.91,-0.38,-0.47,841.0,96.4,318
PIDILITIND,Mar 2019,0.91,-0.61,-0.43,332.0,96.4,318
BAJAJ-AUTO,Mar 2016,0.91,-0.02,-0.92,3622.0,96.4,318
BAJAJ-AUTO,Mar 2016,0.91,-0.02,-0.92,3622.0,96.4,318
BOSCHLTD,Dec 2012,0.91,-0.95,-0.18,47.0,96.4,318
EICHERMOT,Mar 2022,0.91,-0.64,-0.39,544.0,96.4,318
TCS,Mar 2019,0.91,0.06,-0.98,26948.0,96.4,318
DMART,Mar 2018,0.91,0.64,-1.59,266.0,96.4,318
HEROMOTOCO,Mar 2022,0.9,-0.11,-0.94,1882.0,96.0,319
SUNPHARMA,Mar 2017,0.9,-0.59,-0.32,2896.0,96.0,319
WIPRO,Mar 2015,0.9,-0.32,-0.11,5303.0,96.0,319
TORNTPHARM,Mar 2014,0.9,-0.7,0.14,181.0,96.0,319
TITAN,Mar 2019,0.89,-0.64,-0.39,446.0,95.6,320
NHPC,Mar 2020,0.89,-1.0,0.0,6.0,95.6,320
HCLTECH,Mar 2019,0.89,-0.36,-0.16,5715.0,95.6,320
TRENT,Mar 2018,0.89,-0.05,-0.96,73.0,95.6,320
PIDILITIND,Mar 2014,0.88,-0.25,-0.61,295.0,95.2,321
DIVISLAB,Mar 2020,0.88,-0.07,-0.9,1133.0,95.2,321
DIVISLAB,Mar 2018,0.88,-0.62,-0.4,298.0,95.2,321
GAIL,Mar 2020,0.88,-0.99,0.03,46.0,95.2,321
LODHA,Mar 2018,0.88,-0.94,0.03,45.0,95.2,321
BAJAJ-AUTO,Mar 2023,0.87,0.23,-1.36,4066.0,94.8,322
DABUR,Mar 2023,0.87,-0.39,-0.7,905.0,94.8,322
BAJAJ-AUTO,Mar 2023,0.87,0.23,-1.36,4066.0,94.8,322
KOTAKBANK,Mar 2024,0.86,-0.57,0.99,6766.0,94.4,323
MARUTI,Mar 2019,0.86,-0.54,-0.45,3061.0,94.4,323
BRITANNIA,Mar 2022,0.86,0.7,-1.73,386.0,94.4,323
BOSCHLTD,Mar 2016,0.86,-0.75,-0.27,323.0,94.4,323
WIPRO,Mar 2014,0.85,-0.04,-0.53,6506.0,94.0,324
TITAN,Mar 2016,0.85,-0.28,-0.88,417.0,94.0,324
BAJAJ-AUTO,Mar 2024,0.85,-0.01,-0.94,6486.0,94.0,324
BRITANNIA,Mar 2015,0.85,-0.77,-0.31,134.0,94.0,324
BAJAJ-AUTO,Mar 2024,0.85,-0.01,-0.94,6486.0,94.0,324
BOSCHLTD,Mar 2023,0.85,0.22,-1.02,952.0,94.0,324
BOSCHLTD,Mar 2017,0.84,0.86,-1.83,211.0,93.6,325
ZYDUSLIFE,Mar 2015,0.84,-0.47,-0.35,529.0,93.6,325
COALINDIA,Mar 2021,0.83,0.02,-0.8,10410.0,93.19999999999999,326
LTIM,Mar 2015,0.83,-0.16,-0.77,539.0,93.19999999999999,326
TCS,Mar 2013,0.83,-0.52,-0.49,5577.0,93.19999999999999,326
ASIANPAINT,Mar 2015,0.83,-0.39,-0.48,723.0,93.19999999999999,326
TATACONSUM,Mar 2014,0.83,-0.0,-0.86,421.0,93.19999999999999,326
ITC,Mar 2024,0.83,0.09,-1.08,15616.0,93.19999999999999,326
ICICIGI,Mar 2017,2.32,-1.22,0.22,-362.0,92.8,327
PIDILITIND,Mar 2018,0.82,0.05,-0.99,757.0,92.8,327
INFY,Mar 2018,0.82,0.34,-1.55,8685.0,92.8,327
LTIM,Mar 2022,0.82,-0.51,-0.52,1608.0,92.8,327
ITC,Mar 2014,0.82,-0.44,-0.56,4090.0,92.8,327
IRCTC,Mar 2023,0.81,-0.39,-0.53,495.0,92.4,328
DRREDDY,Mar 2024,0.81,-0.89,-0.08,509.0,92.4,328
GODREJCP,Mar 2022,0.81,-0.58,-0.26,607.0,92.4,328
ZYDUSLIFE,Mar 2024,0.81,-0.46,-0.56,1736.0,92.4,328
PFC,Mar 2017,0.8,-0.37,1.09,1128.0,92.0,329
DIVISLAB,Mar 2013,0.8,-0.53,-0.48,225.0,92.0,329
IRCTC,Mar 2020,0.8,0.02,-0.68,401.0,92.0,329
BEL,Mar 2019,0.8,-0.59,-0.44,618.0,92.0,329
DABUR,Mar 2018,0.8,-0.5,-0.53,551.0,92.0,329
AXISBANK,Mar 2023,2.3,-1.47,0.3,-10276.0,92.0,329
IRCTC,Mar 2024,0.79,-0.24,-0.46,667.0,91.6,330
IRCTC,Mar 2022,0.79,-0.46,-0.49,282.0,91.6,330
PIDILITIND,Mar 2022,0.79,-0.58,-0.49,397.0,91.6,330
TCS,Mar 2016,0.79,-0.26,-0.51,14099.0,91.6,330
DIVISLAB,Mar 2024,0.79,-0.21,-0.63,992.0,91.6,330
UNITDSPR,Mar 2024,0.79,0.2,-0.36,892.0,91.6,330
ADANIPOWER,Mar 2023,0.79,0.18,-1.23,6886.0,91.6,330
BANKBARODA,Mar 2022,0.78,-0.59,-0.16,2565.0,91.2,331
INFY,Mar 2013,0.78,-0.4,-0.44,4451.0,91.2,331
ABB,Mar 2014,0.78,-0.93,-0.27,11.0,91.2,331
GAIL,Mar 2022,0.77,-0.58,-0.42,3930.0,90.8,332
TCS,Mar 2014,0.76,-0.64,-0.38,5299.0,90.4,333
TITAN,Mar 2013,0.76,-0.26,-0.43,411.0,90.4,333
ASIANPAINT,Mar 2017,0.76,-0.45,-0.5,846.0,90.4,333
LTIM,Mar 2018,0.76,-0.54,-0.48,392.0,90.4,333
HINDUNILVR,Mar 2015,0.75,0.04,-1.05,3154.0,90.0,334
HCLTECH,Jun 2015,0.75,-0.38,-0.57,3451.0,90.0,334
BAJAJ-AUTO,Mar 2020,0.74,0.46,-1.62,2084.0,89.6,335
GODREJCP,Mar 2019,0.74,0.16,-1.18,1455.0,89.6,335
BAJAJ-AUTO,Mar 2020,0.74,0.46,-1.62,2084.0,89.6,335
INFY,Mar 2016,0.74,-0.09,-0.68,9143.0,89.6,335
TATAMOTORS,Mar 2013,2.22,-1.04,-0.08,-806.0,88.80000000000001,336
DIVISLAB,Mar 2014,0.72,-0.55,-0.45,252.0,88.8,337
ADANIPORTS,Mar 2023,2.21,-1.4,-0.23,-4816.0,88.4,338
DIVISLAB,Mar 2019,0.71,-0.72,-0.26,269.0,88.4,338
BAJAJ-AUTO,Mar 2013,0.71,-0.63,-0.65,824.0,88.4,338
BAJAJ-AUTO,Mar 2013,0.71,-0.63,-0.65,824.0,88.4,338
SIEMENS,Sep 2023,0.71,-0.54,-0.32,641.0,88.4,338
UNIONBANK,Mar 2023,0.71,-0.42,-1.76,3495.0,88.4,338
INDIGO,Mar 2013,2.21,-1.09,0.02,-149.0,88.4,338
EICHERMOT,Mar 2019,0.71,-0.42,-0.19,915.0,88.4,338
ADANIPORTS,Mar 2023,2.21,-1.4,-0.23,-4816.0,88.4,338
ABB,Dec 2012,0.7,-0.58,-0.42,42.0,88.0,339
BAJAJ-AUTO,Mar 2015,0.7,-0.18,-0.78,1734.0,88.0,339
LTIM,Mar 2023,0.7,-0.09,-0.62,2824.0,88.0,339
BAJAJ-AUTO,Mar 2015,0.7,-0.18,-0.78,1734.0,88.0,339
ADANIPOWER,Mar 2024,0.68,0.25,-1.19,10689.0,87.2,340
ONGC,Mar 2018,2.18,-1.18,0.17,-10006.0,87.2,340
BAJAJ-AUTO,Mar 2022,0.68,0.07,-0.97,3921.0,87.2,340
INFY,Mar 2015,0.68,0.12,-0.59,7354.0,87.2,340
BAJAJ-AUTO,Mar 2022,0.68,0.07,-0.97,3921.0,87.2,340
SUNPHARMA,Mar 2019,0.68,-0.14,-1.24,1886.0,87.2,340
NAUKRI,Mar 2016,0.66,-0.03,-0.85,76.0,86.4,341
BPCL,Mar 2020,2.15,-1.41,0.45,-3254.0,86.0,342
TECHM,Mar 2013,0.65,-0.73,0.08,233.0,86.0,342
HAVELLS,Mar 2019,0.64,0.37,-0.63,316.0,85.6,343
BAJAJ-AUTO,Mar 2021,0.64,-0.92,-0.01,251.0,85.6,343
LICI,Mar 2024,0.64,-0.97,-0.17,853.0,85.6,343
BAJAJ-AUTO,Mar 2021,0.64,-0.92,-0.01,251.0,85.6,343
TATACONSUM,Mar 2018,0.64,-0.09,-0.08,325.0,85.6,343
ICICIGI,Mar 2022,0.64,0.17,-1.09,674.0,85.6,343
LTIM,Mar 2014,0.63,0.29,-1.22,448.0,85.2,344
GRASIM,Mar 2022,0.63,-0.15,-0.96,5985.0,85.2,344
SIEMENS,Sep 2022,0.63,-0.03,-0.4,944.0,85.2,344
ICICIBANK,Mar 2018,2.13,-2.61,2.05,-31168.0,85.19999999999999,345
TITAN,Mar 2015,0.62,-0.23,-2.0,385.0,84.8,346
MARUTI,Mar 2020,0.62,-0.16,-0.89,2939.0,84.8,346
BAJAJFINSV,Mar 2021,0.62,-0.81,0.37,863.0,84.8,346
BAJAJHLDNG,Mar 2020,0.62,-0.42,-0.54,1120.0,84.8,346
SIEMENS,Sep 2024,0.61,-0.3,-0.31,1168.0,84.4,347
BAJAJHLDNG,Mar 2018,0.61,-0.69,-0.27,508.0,84.4,347
AMBUJACEM,Dec 2018,0.57,-0.45,-0.42,938.0,82.8,348
BHEL,Mar 2015,0.57,0.79,-4.32,171.0,82.8,348
UNITDSPR,Mar 2023,0.55,-0.09,-0.81,560.0,82.0,349
HAL,Mar 2020,0.54,-0.87,0.04,203.0,81.6,350
IRCTC,Mar 2015,0.53,-0.67,-0.25,23.0,81.2,351
HAVELLS,Mar 2023,0.53,0.05,-1.61,534.0,81.2,351
COALINDIA,Mar 2013,0.52,-0.2,-0.86,7276.0,80.8,352
TECHM,Mar 2014,0.52,0.18,-0.61,1305.0,80.8,352
BAJAJHLDNG,Mar 2016,0.51,0.89,-0.66,128.0,80.4,353
NTPC,Mar 2020,2.01,-1.24,0.25,-5738.0,80.39999999999999,354
BOSCHLTD,Mar 2024,0.5,0.23,-1.16,970.0,80.0,355
HAL,Mar 2022,2.0,-1.26,-0.14,-2609.0,80.0,355
BAJAJ-AUTO,Mar 2019,0.5,-0.11,-0.83,2214.0,80.0,355
BAJAJ-AUTO,Mar 2019,0.5,-0.11,-0.83,2214.0,80.0,355
ONGC,Mar 2014,2.0,-1.19,0.29,-10363.0,80.0,355
BRITANNIA,Mar 2017,0.5,-0.34,-0.67,291.0,80.0,355
NAUKRI,Mar 2018,0.5,-0.59,-0.3,104.0,80.0,355
BANKBARODA,Mar 2016,1.99,0.4,0.06,-14016.0,79.6,356
UNITDSPR,Mar 2016,1.98,2.59,-4.08,-450.0,79.2,357
COALINDIA,Mar 2024,0.48,-0.25,-0.77,13617.0,79.2,357
TITAN,Mar 2024,0.48,-0.11,-0.78,1506.0,79.2,357
HDFCBANK,Mar 2014,0.48,-0.26,2.2,3112.0,79.2,357
BHEL,Mar 2020,1.97,-0.65,-0.56,-4769.0,78.8,358
NAUKRI,Mar 2019,0.47,-0.21,-0.28,217.0,78.8,358
MARUTI,Mar 2022,0.47,-0.13,-0.87,1601.0,78.8,358
AMBUJACEM,Dec 2016,1.96,-1.48,-0.34,-1355.0,78.4,359
TATACONSUM,Mar 2019,0.46,0.25,-1.07,157.0,78.4,359
ZYDUSLIFE,Mar 2022,0.46,-0.48,-0.41,1086.0,78.4,359
HDFCBANK,Mar 2023,0.45,-0.14,1.15,17822.0,78.0,360
BAJAJHLDNG,Mar 2014,0.44,-0.6,-0.37,353.0,77.6,361
ADANIENSOL,Mar 2018,1.92,-1.45,0.72,-994.0,76.8,362
AXISBANK,Mar 2021,1.92,-4.3,0.58,-41655.0,76.8,362
RELIANCE,Mar 2014,1.92,-1.69,0.32,-29809.0,76.8,362
BAJAJHLDNG,Mar 2022,0.39,-0.09,-0.91,1459.0,75.6,363
HAVELLS,Mar 2016,0.39,-0.24,-1.21,392.0,75.6,363
TATACONSUM,Mar 2013,0.39,0.14,1.08,149.0,75.6,363
BAJAJHLDNG,Mar 2015,0.39,-0.58,-0.49,332.0,75.6,363
NTPC,Mar 2017,1.88,-1.21,0.16,-4313.0,75.19999999999999,364
TATAPOWER,Mar 2023,1.88,-1.01,0.19,-97.0,75.19999999999999,364
NTPC,Mar 2018,1.87,-1.05,0.05,-1008.0,74.80000000000001,365
BAJAJHLDNG,Mar 2023,0.35,-0.08,-0.92,1591.0,74.0,366
ASIANPAINT,Mar 2022,0.32,-0.32,-1.83,669.0,72.8,367
SBIN,Mar 2024,0.31,-0.16,-0.46,18156.0,72.4,368
COALINDIA,Mar 2020,0.3,0.21,-0.96,3944.0,72.0,369
HDFCBANK,Mar 2024,0.29,0.87,-0.21,2469.0,71.6,370
BAJAJHLDNG,Mar 2024,0.26,-0.24,-0.75,1469.0,70.4,371
BHEL,Mar 2013,0.26,-0.63,0.27,646.0,70.4,371
PFC,Mar 2022,0.26,-0.11,-1.71,4357.0,70.4,371
ADANIENT,Mar 2022,1.76,-12.3,11.48,-15656.0,70.4,371
MARUTI,Mar 2014,1.75,-1.0,-0.01,-2.0,70.0,372
MOTHERSON,Mar 2017,1.75,-1.62,1.45,-2345.0,70.0,372
BEL,Mar 2022,1.75,-1.16,-0.26,-665.0,70.0,372
BAJAJHLDNG,Mar 2013,0.25,-0.78,-0.7,104.0,70.0,372
INDIGO,Mar 2018,1.74,-1.06,0.2,-249.0,69.6,373
ICICIBANK,Mar 2013,1.73,-1.06,0.53,-1069.0,69.2,374
BOSCHLTD,Mar 2022,0.22,-0.12,-1.41,238.0,68.8,375
BAJAJHLDNG,Mar 2019,0.21,-0.26,-0.85,465.0,68.4,376
SIEMENS,Sep 2016,0.18,0.46,-3.15,276.0,67.2,377
ONGC,Mar 2013,1.66,-1.03,-0.17,-1346.0,66.39999999999999,378
RELIANCE,Mar 2017,1.66,-1.34,0.17,-16651.0,66.39999999999999,378
LODHA,Mar 2024,1.62,-1.17,0.38,-435.0,64.80000000000001,379
UNIONBANK,Mar 2016,0.06,-0.11,-0.02,72.0,62.4,380
GAIL,Mar 2013,1.51,-1.31,0.55,-2023.0,60.4,381
TCS,Mar-21,0.0,-0.21,-0.84,30846.0,60.0,382
TCS,Mar-23,0.0,0.01,-1.14,41417.0,60.0,382
TCS,Mar-16,0.0,-0.26,-0.51,14099.0,60.0,382
TCS,Mar-20,0.0,0.28,-1.23,23401.0,60.0,382
TCS,Mar-19,0.0,0.06,-0.98,26948.0,60.0,382
TCS,Mar-18,0.0,0.12,-1.07,21963.0,60.0,382
TCS,Mar-17,0.0,-0.67,-0.44,8328.0,60.0,382
TCS,Mar-24,0.0,0.14,-1.09,38247.0,60.0,382
TCS,Mar-22,0.0,-0.02,-0.84,39211.0,60.0,382
HCLTECH,Mar 2016,0.0,-0.58,-0.59,1615.0,60.0,382
AGTL,Mar 2024,0.0,-0.79,-0.08,203.0,60.0,382
SHREECEM,Mar 2016,0.0,-0.81,-0.17,301.0,60.0,382
AGTL,Mar 2020,0.0,-0.94,-0.21,31.0,60.0,382
ADANIPORTS,Mar 2021,1.5,-1.86,0.47,-6508.0,60.0,382
ADANIPORTS,Mar 2021,1.5,-1.86,0.47,-6508.0,60.0,382
TCS,Mar-15,0.0,-0.09,-0.89,17562.0,60.0,382
TCS,Mar-14,0.0,-0.64,-0.38,5299.0,60.0,382
TCS,Mar-13,0.0,-0.52,-0.49,5577.0,60.0,382
NTPC,Mar 2015,1.49,-1.07,-0.1,-1088.0,59.6,383
EICHERMOT,Dec 2014,1.49,-1.16,-0.15,-167.0,59.6,383
BHEL,Mar 2022,1.48,-1.69,-0.5,-458.0,59.2,384
APOLLOHOSP,Mar 2013,1.46,-1.65,0.84,-290.0,58.4,385
RELIANCE,Mar 2015,1.45,-1.88,0.25,-30332.0,58.0,386
GODREJCP,Mar 2017,1.42,-1.21,0.36,-383.0,56.8,387
JSWENERGY,Mar 2023,1.41,-3.25,3.52,-4694.0,56.4,388
APOLLOHOSP,Mar 2015,1.4,-1.61,0.83,-289.0,56.0,389
SHREECEM,Mar 2018,1.36,-1.91,0.92,-1716.0,54.400000000000006,390
EICHERMOT,Dec 2013,1.36,-1.1,-0.07,-74.0,54.400000000000006,390
DMART,Mar 2016,1.35,-1.46,0.45,-200.0,54.0,391
DMART,Mar 2013,1.35,-1.82,0.93,-104.0,54.0,391
ULTRACEMCO,Mar 2013,1.35,-1.21,0.2,-744.0,54.0,391
DIVISLAB,Mar 2023,1.35,-1.1,-0.32,-248.0,54.0,391
TVSMOTOR,Mar 2017,1.35,-1.03,-0.09,-20.0,54.0,391
NAUKRI,Mar 2014,1.35,-2.52,1.6,-123.0,54.0,391
JSWSTEEL,Mar 2024,1.35,-1.2,-0.41,-2389.0,54.0,391
IRCTC,Mar 2021,1.33,-1.83,-0.19,-205.0,53.2,392
NTPC,Mar 2019,1.33,-1.29,0.26,-5377.0,53.2,392
TORNTPHARM,Mar 2018,1.32,-5.23,3.82,-3783.0,52.800000000000004,393
SIEMENS,Sep 2021,1.31,-1.68,-0.35,-967.0,52.400000000000006,394
NTPC,Mar 2013,1.31,-1.02,0.06,-337.0,52.400000000000006,394
BHEL,Mar 2021,-0.21,-0.08,-0.7,518.0,51.6,395
KOTAKBANK,Mar 2013,1.29,-3.14,2.47,-6157.0,51.6,395
CIPLA,Mar 2016,1.26,-2.6,1.78,-2792.0,50.4,396
ZOMATO,Mar 2021,1.25,5.15,-6.29,-6263.0,50.0,397
PIDILITIND,Mar 2021,1.24,-1.21,-0.05,-296.0,49.6,398
BHEL,Mar 2017,1.23,-1.01,-0.84,-5.0,49.2,399
DMART,Mar 2014,1.23,-1.36,0.33,-72.0,49.2,399
AMBUJACEM,Mar 2024,1.19,-1.58,1.01,-3295.0,47.599999999999994,400
BPCL,Mar 2019,1.19,-1.03,0.02,-294.0,47.599999999999994,400
JINDALSTEL,Mar 2013,1.19,-2.72,1.74,-6069.0,47.599999999999994,400
NAUKRI,Mar 2024,1.18,-1.21,0.17,-150.0,47.199999999999996,401
BEL,Mar 2024,1.17,-1.27,-0.32,-1265.0,46.8,402
VBL,Dec 2023,1.14,-1.38,0.41,-897.0,45.599999999999994,403
ICICIGI,Mar 2014,1.14,-1.19,0.01,-111.0,45.599999999999994,403
GRASIM,Mar 2013,1.12,-1.34,0.32,-1445.0,44.800000000000004,404
WIPRO,Mar 2017,1.09,-1.27,-0.25,-2493.0,43.6,405
TORNTPHARM,Mar 2015,1.08,-2.61,1.5,-1303.0,43.2,406
BRITANNIA,Mar 2020,1.07,-1.03,0.04,-41.0,42.800000000000004,407
RELIANCE,Mar 2019,1.06,-2.23,1.32,-52161.0,42.400000000000006,408
GODREJCP,Mar 2015,1.05,-1.2,-0.01,-209.0,42.0,409
DMART,Mar 2015,1.05,-2.14,1.05,-252.0,42.0,409
EICHERMOT,Dec 2012,1.04,-1.56,-0.22,-277.0,41.6,410
LT,Mar 2017,1.03,-1.47,0.44,-3141.0,41.2,411
EICHERMOT,Mar 2017,1.02,-1.02,0.01,-36.0,40.8,412
JINDALSTEL,Mar 2024,1.01,-1.39,0.23,-2336.0,40.4,413
HINDALCO,Mar 2013,0.99,-4.64,3.45,-10824.0,39.6,414
DMART,Mar 2020,0.98,-3.64,2.62,-3377.0,39.2,415
GODREJCP,Mar 2013,0.97,-1.05,0.34,-45.0,38.8,416
BHEL,Mar 2016,-0.53,0.06,-0.33,351.0,38.8,416
BPCL,Mar 2017,0.95,-1.69,0.53,-6233.0,38.0,417
DMART,Mar 2017,0.95,-5.45,4.45,-2027.0,38.0,417
SIEMENS,Sep 2020,0.94,1.21,-0.54,-151.0,37.599999999999994,418
PIDILITIND,Mar 2017,0.92,-1.11,0.05,-85.0,36.800000000000004,419
WIPRO,Mar 2022,0.91,-2.01,0.42,-11241.0,36.4,420
CIPLA,Mar 2013,0.9,-1.48,0.51,-665.0,36.0,421
ZOMATO,Mar 2020,0.9,-0.81,-0.17,-3884.0,36.0,421
DRREDDY,Mar 2013,0.9,-1.04,-0.11,-59.0,36.0,421
DMART,Mar 2019,0.89,-1.19,0.26,-151.0,35.6,422
WIPRO,Mar 2016,0.88,-1.74,-0.02,-5874.0,35.2,423
ZOMATO,Mar 2023,0.87,-0.94,0.15,-1641.0,34.8,424
ZYDUSLIFE,Mar 2013,0.87,-1.13,0.47,-79.0,34.8,424
ZYDUSLIFE,Mar 2017,0.86,-2.19,1.77,-1560.0,34.4,425
ADANIPORTS,Mar 2013,0.84,-3.72,3.0,-3757.0,33.6,426
ADANIPORTS,Mar 2013,0.84,-3.72,3.0,-3757.0,33.6,426
ADANIENT,Mar 2017,0.84,-1.89,0.93,-686.0,33.6,426
ADANIPORTS,Mar 2016,0.83,-1.74,0.91,-1772.0,33.199999999999996,427
ADANIPORTS,Mar 2016,0.83,-1.74,0.91,-1772.0,33.199999999999996,427
INFY,Mar 2017,0.8,-1.27,-0.6,-3133.0,32.0,428
BAJAJ-AUTO,Mar 2017,0.8,-1.1,-0.06,-343.0,32.0,428
BAJAJ-AUTO,Mar 2017,0.8,-1.1,-0.06,-343.0,32.0,428
IOC,Mar 2019,0.74,-1.77,0.82,-9822.0,29.6,429
KOTAKBANK,Mar 2015,0.74,-1.94,1.05,-2165.0,29.6,429
ADANIPOWER,Mar 2017,-0.77,-0.26,-0.75,3513.0,29.2,430
KOTAKBANK,Mar 2022,0.69,-1.31,0.91,-2595.0,27.599999999999998,431
ZYDUSLIFE,Mar 2019,0.68,-3.1,1.47,-2695.0,27.200000000000003,432
M&M,Mar 2016,0.67,-2.31,1.24,-3121.0,26.8,433
ADANIPORTS,Mar 2014,0.65,-2.22,0.68,-1378.0,26.0,434
ADANIPORTS,Mar 2014,0.65,-2.22,0.68,-1378.0,26.0,434
DIVISLAB,Mar 2022,0.65,-1.15,-0.28,-283.0,26.0,434
HAVELLS,Mar 2021,0.63,-1.16,0.29,-103.0,25.2,435
LT,Mar 2020,0.61,-1.26,0.95,-1714.0,24.4,436
ICICIBANK,Mar 2014,0.58,-2.33,1.16,-8985.0,23.2,437
SUNPHARMA,Mar 2023,0.58,-1.46,0.48,-2261.0,23.2,437
TVSMOTOR,Mar 2020,0.58,-2.92,4.34,-717.0,23.2,437
GAIL,Mar 2023,0.57,-2.33,0.93,-4248.0,22.799999999999997,438
ZOMATO,Mar 2022,0.57,11.5,-12.63,-8664.0,22.799999999999997,438
LODHA,Mar 2016,0.55,-2.21,0.85,-467.0,22.0,439
TVSMOTOR,Mar 2018,0.53,-3.09,2.53,-741.0,21.200000000000003,440
ZYDUSLIFE,Mar 2018,0.51,-1.06,0.06,-55.0,20.4,441
SIEMENS,Sep 2017,0.5,2.31,-0.5,-748.0,20.0,442
AXISBANK,Mar 2013,0.5,-4.25,5.8,-8366.0,20.0,442
RELIANCE,Mar 2021,0.5,-5.28,3.78,-115427.0,20.0,442
SIEMENS,Sep 2015,0.49,1.13,-0.43,-72.0,19.6,443
KOTAKBANK,Mar 2021,0.49,-2.29,-2.06,-6291.0,19.6,443
TATASTEEL,Mar 2018,0.45,-1.46,0.83,-3707.0,18.0,444
TITAN,Mar 2023,0.42,-1.32,0.33,-444.0,16.8,445
BEL,Mar 2023,0.4,2.26,-1.05,-1509.0,16.0,446
ABB,Mar 2018,0.38,-1.41,-0.67,-62.0,15.2,447
BOSCHLTD,Mar 2019,0.37,2.98,-4.27,-1173.0,14.8,448
VEDL,Mar 2016,-1.14,-0.39,-0.55,12509.0,14.400000000000006,449
TORNTPHARM,Mar 2013,0.35,-1.61,0.13,-94.0,14.0,450
UNIONBANK,Mar 2018,-1.17,-0.05,1.77,5782.0,13.200000000000003,451
ICICIPRULI,Mar 2015,0.32,-3.48,-1.85,-1299.0,12.8,452
M&M,Mar 2015,0.31,-4.13,1.58,-3302.0,12.4,453
HEROMOTOCO,Mar 2019,0.3,1.26,-2.18,-266.0,12.0,454
INDIGO,Mar 2021,0.26,-1.99,1.1,-4848.0,10.4,455
KOTAKBANK,Mar 2019,0.25,-1.82,4.59,-1501.0,10.0,456
TVSMOTOR,Mar 2015,0.25,-5.0,3.14,-332.0,10.0,456
TATAMOTORS,Mar 2022,-1.26,-0.31,-0.24,9839.0,9.600000000000001,457
SBILIFE,Mar 2014,0.23,-4.27,-0.35,-542.0,9.200000000000001,458
TRENT,Mar 2019,0.22,-1.76,1.76,-16.0,8.8,459
NAUKRI,Mar 2021,0.19,-7.4,6.81,-1767.0,7.6,460
CANBK,Mar 2022,0.15,-1.55,4.39,-510.0,6.0,461
PNB,Mar 2018,0.14,-0.23,-4.28,-2134.0,5.6000000000000005,462
UNITDSPR,Mar 2015,0.12,-19.67,20.42,-4051.0,4.8,463
UNITDSPR,Mar 2014,0.12,0.46,-2.24,-804.0,4.8,463
IRCTC,Mar 2018,0.11,1.67,-2.38,-16.0,4.4,464
SIEMENS,Sep 2018,0.11,-1.74,-3.05,-74.0,4.4,464
ICICIPRULI,Mar 2023,0.11,-12.87,-1.26,-1056.0,4.4,464
JINDALSTEL,Mar 2016,-1.4,-0.52,-0.62,2071.0,4.0,465
M&M,Mar 2018,0.09,-8.02,9.26,-4785.0,3.5999999999999996,466
NAUKRI,Mar 2020,-1.42,0.28,-0.41,253.0,3.200000000000003,467
BAJAJHLDNG,Mar 2021,0.07,-1.13,-0.14,-36.0,2.8000000000000003,468
DLF,Mar 2018,0.06,-7.79,-0.86,-1832.0,2.4,469
NAUKRI,Mar 2022,0.05,-1.66,0.05,-470.0,2.0,470
M&M,Mar 2017,0.05,-32.1,33.38,-5692.0,2.0,470
UNIONBANK,Mar 2020,0.02,0.05,-2.61,-81.0,0.8,471
VEDL,Mar 2013,0.01,-14.14,10.82,-289.0,0.4,472
SIEMENS,Sep 2011,0.0,88.0,-65.33,-261.0,0.0,473
AGTL,Mar 2021,0.0,-1.18,0.06,-116.0,0.0,473
AGTL,Mar 2019,0.0,2.22,-3.03,-435.0,0.0,473
AGTL,Mar 2018,0.0,-3.57,2.81,-711.0,0.0,473
HDFCLIFE,Mar 2013,0.0,0.0,0.0,,0.0,473
HDFCLIFE,Mar 2014,0.0,0.0,0.0,,0.0,473
AMBUJACEM,Mar 2023,0.0,-19.7,3.99,-13746.0,0.0,473
ABB,Mar 2014,0.0,0.0,0.0,0.0,0.0,473
AGTL,Mar 2023,0.0,-1.37,0.35,-314.0,0.0,473
AGTL,Mar 2022,0.0,-1.55,0.58,-401.0,0.0,473
ADANIENSOL,Mar 2014,0.0,0.0,0.0,0.0,0.0,473
BEL,Mar 2017,-0.04,-51.07,46.84,-3176.0,-1.6,474
M&M,Mar 2014,-0.05,18.54,-22.86,-4768.0,-2.0,475
TITAN,Mar 2018,-0.05,-1.92,4.94,-149.0,-2.0,475
TRENT,Mar 2021,-1.57,0.06,-0.99,267.0,-2.8000000000000043,476
VEDL,Mar 2015,-1.57,-0.23,-0.78,13672.0,-2.8000000000000043,476
KOTAKBANK,Mar 2023,-0.08,8.36,-1.52,-11623.0,-3.2,477
TRENT,Mar 2015,-0.08,30.6,-31.0,-316.0,-3.2,477
RECLTD,Mar 2022,-0.08,0.35,-0.08,-1106.0,-3.2,477
ICICIBANK,Mar 2023,-0.11,17.95,-6.57,-71460.0,-4.4,478
PNB,Mar 2013,-0.14,0.87,1.0,-1292.0,-5.6000000000000005,479
ABB,Mar 2015,-0.15,53.26,-54.34,-1899.0,-6.0,480
HAL,Mar 2017,-0.16,-7.14,0.39,-3444.0,-6.4,481
ICICIGI,Mar 2015,-0.17,-1.74,0.95,-269.0,-6.800000000000001,482
BAJFINANCE,Mar 2021,-0.18,0.53,-2.16,-1236.0,-7.199999999999999,483
AXISBANK,Mar 2024,-0.22,1.62,-4.02,-14556.0,-8.8,484
M&M,Mar 2013,-0.22,3.15,-4.89,-3825.0,-8.8,484
TITAN,Mar 2020,-0.23,-0.68,0.7,-583.0,-9.200000000000001,485
LT,Mar 2015,-0.27,3.5,-5.79,-6143.0,-10.8,486
LODHA,Mar 2019,-0.28,0.38,-1.59,-638.0,-11.200000000000001,487
HDFCBANK,Mar 2022,-0.31,0.17,-4.02,-14011.0,-12.4,488
TITAN,Mar 2022,-0.33,-1.61,0.56,-1889.0,-13.200000000000001,489
BANKBARODA,Mar 2024,-0.33,0.2,-0.87,-7559.0,-13.200000000000001,489
BAJAJHLDNG,Mar 2017,-0.37,0.4,0.12,-1295.0,-14.8,490
HAL,Mar 2018,-0.37,-0.81,3.46,-1328.0,-14.8,490
JIOFIN,Mar 2024,-0.42,-2.13,1.11,-2119.0,-16.8,491
TATASTEEL,Mar 2013,-1.93,-0.93,-0.13,936.0,-17.200000000000003,492
INDUSINDBK,Mar 2013,-0.46,0.36,-4.05,-660.0,-18.400000000000002,493
M&M,Mar 2024,-0.46,1.0,-2.18,-11245.0,-18.400000000000002,493
LT,Mar 2019,-0.47,2.32,-3.25,-15779.0,-18.799999999999997,494
BEL,Mar 2018,-0.48,0.01,1.75,-693.0,-19.2,495
BANKBARODA,Mar 2021,-0.55,0.53,1.11,-1358.0,-22.0,496
BHARTIARTL,Mar 2020,-0.59,-1.63,1.06,-11469.0,-23.599999999999998,497
BEL,Mar 2014,-0.6,-1.33,0.37,-1328.0,-24.0,498
DLF,Mar 2020,-0.6,18.28,-26.75,-6152.0,-24.0,498
ADANIGREEN,Mar 2017,-0.6,-53.96,55.68,-1483.0,-24.0,498
GRASIM,Mar 2019,-0.6,1.33,-2.51,-3871.0,-24.0,498
HDFCBANK,Mar 2020,-0.62,0.08,-1.45,-18272.0,-24.8,499
M&M,Mar 2023,-0.62,1.25,-2.25,-15940.0,-24.8,499
TATAMOTORS,Mar 2019,-0.66,-1.11,0.47,-1987.0,-26.400000000000002,500
TATAMOTORS,Mar 2021,-2.17,-0.89,0.34,3329.0,-26.799999999999997,501
TVSMOTOR,Mar 2024,-0.7,0.8,-2.2,-2254.0,-28.0,502
LT,Mar 2016,-0.71,1.43,-2.24,-7867.0,-28.4,503
M&M,Mar 2019,-0.72,1.65,-3.04,-11521.0,-28.799999999999997,504
TITAN,Mar 2014,-0.76,0.49,-0.9,-826.0,-30.4,505
INDUSINDBK,Mar 2015,-0.79,0.19,-4.02,-1697.0,-31.6,506
JINDALSTEL,Mar 2015,-0.81,-5.68,4.83,-5535.0,-32.400000000000006,507
LT,Mar 2013,-0.82,1.59,-2.62,-11277.0,-32.8,508
HDFCBANK,Mar 2013,-0.85,0.15,-2.24,-6749.0,-34.0,509
LICI,Mar 2022,-0.92,-3.31,-0.0,-16314.0,-36.800000000000004,510
ADANIPOWER,Mar 2018,-2.43,-0.1,-0.9,4581.0,-37.2,511
ICICIBANK,Mar 2015,-0.95,1.07,-2.02,-25448.0,-38.0,512
ADANIPOWER,Mar 2020,-2.46,-0.41,-0.42,3294.0,-38.400000000000006,513
SHRIRAMFIN,Mar 2020,-0.98,0.02,-1.86,-2519.0,-39.2,514
GRASIM,Mar 2024,-1.08,2.16,-3.16,-33833.0,-43.2,515
TATASTEEL,Mar 2017,-2.6,-0.88,-0.24,1334.0,-44.0,516
GRASIM,Mar 2018,-1.12,-0.37,-0.83,-5686.0,-44.800000000000004,517
BHEL,Mar 2023,-1.13,-2.0,-0.12,-2221.0,-45.199999999999996,518
TRENT,Mar 2013,-1.15,-8.9,4.74,-245.0,-46.0,519
GRASIM,Mar 2023,-1.15,1.08,-2.09,-26397.0,-46.0,519
JINDALSTEL,Mar 2017,-2.7,-0.29,-0.75,4852.0,-48.0,520
BANKBARODA,Mar 2019,-1.24,1.75,-3.07,-3986.0,-49.6,521
LT,Mar 2018,-1.25,-0.39,-0.93,-13945.0,-50.0,522
TVSMOTOR,Mar 2019,-1.27,1.2,-2.41,-2022.0,-50.8,523
DLF,Mar 2017,-1.27,-0.97,-0.88,-1770.0,-50.8,523
INDUSINDBK,Mar 2016,-1.28,0.09,-0.86,-3185.0,-51.2,524
ADANIPOWER,Mar 2013,-1.31,-1.35,0.29,-1063.0,-52.400000000000006,525
BANKBARODA,Mar 2023,-1.42,0.05,0.25,-22450.0,-56.8,526
LT,Mar 2014,-1.46,0.77,-1.84,-12653.0,-58.4,527
SBIN,Mar 2023,-1.49,0.01,-0.07,-86980.0,-59.6,528
TATASTEEL,Mar 2015,-3.02,-0.76,-0.22,2859.0,-60.8,529
ICICIPRULI,Mar 2014,-1.53,-2.52,0.46,-8394.0,-61.2,530
KOTAKBANK,Mar 2018,-1.66,0.53,-1.41,-15867.0,-66.39999999999999,531
INDUSINDBK,Mar 2023,-1.68,0.04,-0.09,-12879.0,-67.2,532
BEL,Mar 2013,-1.69,-1.14,0.1,-3292.0,-67.6,533
SHRIRAMFIN,Mar 2021,-1.7,0.01,-2.88,-4264.0,-68.0,534
ICICIPRULI,Mar 2013,-1.74,-0.59,0.19,-4205.0,-69.6,535
INDUSINDBK,Mar 2024,-1.88,0.04,0.13,-17468.0,-75.19999999999999,536
INDUSINDBK,Mar 2019,-1.94,0.1,-1.34,-7022.0,-77.6,537
CHOLAFIN,Mar 2020,-1.97,0.03,-1.18,-2129.0,-78.8,538
UNIONBANK,Mar 2013,-1.98,0.08,-1.2,-4588.0,-79.2,539
HDFCBANK,Mar 2015,-1.99,0.04,-0.88,-22081.0,-79.6,540
UNIONBANK,Mar 2015,-2.01,0.09,-0.89,-3885.0,-80.39999999999999,541
CHOLAFIN,Mar 2017,-2.04,0.15,-1.15,-1690.0,-81.6,542
AXISBANK,Mar 2015,-2.06,0.53,-2.05,-23134.0,-82.4,543
SHRIRAMFIN,Mar 2017,-2.11,0.0,-1.13,-2679.0,-84.39999999999999,544
TVSMOTOR,Mar 2022,-2.15,0.93,-1.85,-3046.0,-86.0,545
PFC,Mar 2016,-2.15,0.15,-0.78,-15271.0,-86.0,545
SHRIRAMFIN,Mar 2019,-2.15,0.01,-1.0,-5611.0,-86.0,545
CANBK,Mar 2016,-3.69,-0.05,-0.09,8903.0,-87.6,546
TATAMOTORS,Mar 2020,-2.22,-1.24,0.13,-6482.0,-88.80000000000001,547
JINDALSTEL,Mar 2019,-3.74,-0.09,-0.92,8195.0,-89.60000000000002,548
RECLTD,Mar 2016,-2.33,0.06,-1.15,-14034.0,-93.2,549
BHARTIARTL,Mar 2021,-3.9,-0.57,-0.52,20919.0,-96.0,550
PNB,Mar 2016,-4.04,-0.1,0.42,12815.0,-101.6,551
VEDL,Mar 2020,-4.07,-0.31,-0.81,13375.0,-102.80000000000001,552
CHOLAFIN,Mar 2022,-2.59,-0.29,-0.92,-7211.0,-103.6,553
TATASTEEL,Mar 2024,-4.13,-0.7,-0.55,6048.0,-105.19999999999999,554
HDFCBANK,Mar 2016,-2.69,0.02,-1.1,-35272.0,-107.6,555
INDUSINDBK,Mar 2020,-2.72,-0.04,-1.06,-12565.0,-108.80000000000001,556
HDFCBANK,Mar 2019,-2.8,0.02,-0.37,-64375.0,-112.0,557
INDUSINDBK,Mar 2014,-2.92,0.04,-1.02,-4280.0,-116.8,558
SHRIRAMFIN,Mar 2023,-2.93,-0.29,-0.67,-22701.0,-117.2,559
SHRIRAMFIN,Mar 2014,-2.99,0.03,-1.24,-4167.0,-119.60000000000001,560
PNB,Mar 2024,-3.05,0.05,-0.13,-29445.0,-122.0,561
BAJAJFINSV,Mar 2013,-3.13,-0.43,-0.66,-9875.0,-125.19999999999999,562
TATACONSUM,Mar 2016,-3.14,1.25,-2.43,-29.0,-125.60000000000001,563
BAJAJFINSV,Mar 2017,-3.17,-0.01,-1.15,-11073.0,-126.8,564
BAJAJFINSV,Mar 2023,-3.23,0.35,-1.29,-53425.0,-129.2,565
SHRIRAMFIN,Mar 2022,-3.26,0.0,-0.96,-8893.0,-130.39999999999998,566
HAL,Mar 2019,-3.28,-0.69,-0.3,-12986.0,-131.2,567
JINDALSTEL,Mar 2018,-4.78,-0.19,-0.81,6293.0,-131.20000000000002,568
RECLTD,Mar 2023,-3.35,0.03,-1.02,-38303.0,-134.0,569
TVSMOTOR,Mar 2023,-3.37,0.3,-1.39,-5713.0,-134.8,570
ADANIGREEN,Mar 2019,-3.42,-1.64,0.64,-1041.0,-136.8,571
NAUKRI,Mar 2017,-4.95,-0.77,-0.2,48.0,-138.0,572
CANBK,Mar 2023,-3.52,0.03,-0.01,-41134.0,-140.8,573
PFC,Mar 2023,-3.53,0.02,-1.01,-76411.0,-141.2,574
BAJAJFINSV,Mar 2016,-3.53,0.09,-1.18,-10681.0,-141.2,574
PFC,Mar 2015,-3.57,0.02,-1.25,-21946.0,-142.79999999999998,575
RECLTD,Mar 2014,-3.64,-0.01,-0.98,-17380.0,-145.6,576
NAUKRI,Mar 2015,-3.64,-20.61,20.1,-1000.0,-145.6,576
BAJFINANCE,Mar 2023,-3.66,0.25,-1.2,-52506.0,-146.4,577
GODREJCP,Mar 2024,-3.69,-1.66,0.68,-1365.0,-147.6,578
PFC,Mar 2024,-3.7,0.03,-1.04,-101229.0,-148.0,579
PFC,Mar 2021,-3.76,-0.03,-1.02,-60884.0,-150.39999999999998,580
IOC,Mar 2020,-3.81,-4.07,3.14,-21955.0,-152.4,581
BHEL,Mar 2019,-3.85,-0.5,0.01,-5779.0,-154.0,582
BAJAJFINSV,Mar 2020,-3.9,0.43,-1.48,-33317.0,-156.0,583
BAJAJFINSV,Mar 2022,-4.05,-0.04,-0.96,-35115.0,-162.0,584
RECLTD,Mar 2024,-4.08,0.03,-1.03,-59554.0,-163.2,585
PFC,Mar 2014,-4.11,-0.0,-0.79,-22482.0,-164.4,586
AXISBANK,Mar 2016,-4.19,-0.27,-0.65,-43706.0,-167.60000000000002,587
SHRIRAMFIN,Mar 2024,-4.2,0.01,-0.89,-31359.0,-168.0,588
ADANIPOWER,Mar 2019,-5.7,-0.18,-0.83,4626.0,-168.0,588
BAJAJFINSV,Mar 2024,-4.4,0.16,-1.2,-79634.0,-176.0,589
BAJAJFINSV,Mar 2015,-4.45,-0.35,-0.64,-14440.0,-178.0,590
PFC,Mar 2020,-4.45,0.0,-1.03,-42221.0,-178.0,590
RECLTD,Mar 2015,-4.47,-0.01,-0.97,-24049.0,-178.79999999999998,591
BAJAJFINSV,Mar 2014,-4.48,-0.38,-0.66,-13571.0,-179.20000000000002,592
BAJFINANCE,Mar 2020,-4.64,0.36,-1.4,-33170.0,-185.6,593
IRFC,Mar 2023,-4.64,-0.0,-1.0,-28588.0,-185.6,593
SHRIRAMFIN,Mar 2016,-4.65,0.01,-0.51,-5543.0,-186.0,594
BAJAJFINSV,Mar 2018,-4.69,0.05,-1.0,-20502.0,-187.60000000000002,595
ADANIGREEN,Mar 2018,-4.7,-6.82,6.07,-3779.0,-188.0,596
CHOLAFIN,Mar 2016,-4.89,0.05,-1.08,-2946.0,-195.6,597
INDIGO,Mar 2022,-6.51,0.74,-1.5,537.0,-200.39999999999998,598
BAJFINANCE,Mar 2024,-5.03,0.1,-1.13,-79931.0,-201.20000000000002,599
BAJAJFINSV,Mar 2019,-5.04,0.25,-1.28,-33979.0,-201.6,600
CHOLAFIN,Mar 2015,-5.1,0.02,-0.8,-2304.0,-204.0,601
SHRIRAMFIN,Mar 2018,-5.16,-0.01,-0.99,-13228.0,-206.4,602
RECLTD,Mar 2021,-5.19,-0.02,-0.97,-44373.0,-207.60000000000002,603
RECLTD,Mar 2013,-5.23,-0.01,-0.8,-20211.0,-209.20000000000002,604
BAJFINANCE,Mar 2022,-5.28,-0.17,-0.87,-43437.0,-211.20000000000002,605
ADANIPOWER,Mar 2015,-7.14,-0.81,-0.2,1087.0,-225.59999999999997,606
PFC,Mar 2013,-5.66,-0.0,-1.11,-25124.0,-226.4,607
BAJFINANCE,Mar 2017,-5.69,0.29,-1.2,-13486.0,-227.60000000000002,608
SHRIRAMFIN,Mar 2013,-5.71,0.0,-1.08,-8400.0,-228.4,609
INDUSINDBK,Mar 2018,-5.74,0.01,-0.75,-20917.0,-229.60000000000002,610
NAUKRI,Mar 2023,-7.31,-0.7,0.0,154.0,-232.39999999999998,611
CHOLAFIN,Mar 2021,-5.82,0.2,-0.98,-10594.0,-232.8,612
RECLTD,Mar 2019,-6.25,-0.01,-0.99,-36323.0,-250.0,613
PFC,Mar 2019,-6.35,0.17,-1.17,-93715.0,-254.0,614
PFC,Mar 2018,-6.5,-0.02,-0.91,-58557.0,-260.0,615
RECLTD,Mar 2020,-6.58,-0.0,-1.04,-32833.0,-263.2,616
CHOLAFIN,Mar 2014,-6.65,0.03,-1.12,-2530.0,-266.0,617
BAJFINANCE,Mar 2019,-7.27,0.19,-1.19,-34441.0,-290.79999999999995,618
RECLTD,Mar 2018,-7.3,-0.0,-0.87,-32556.0,-292.0,619
VBL,Dec 2013,-7.42,-1.93,0.92,-277.0,-296.8,620
BAJFINANCE,Mar 2016,-7.72,0.07,-1.18,-10557.0,-308.8,621
CHOLAFIN,Mar 2019,-7.78,0.0,-1.31,-9328.0,-311.2,622
BAJFINANCE,Mar 2015,-7.87,0.05,-0.97,-7424.0,-314.8,623
BAJFINANCE,Mar 2018,-8.24,-0.05,-0.95,-21641.0,-329.6,624
ICICIPRULI,Mar 2024,-8.6,-1.01,0.01,-14735.0,-344.0,625
CHOLAFIN,Mar 2018,-8.63,0.01,-1.01,-7986.0,-345.20000000000005,626
SHRIRAMFIN,Mar 2015,-9.35,0.0,-0.82,-9656.0,-374.0,627
CHOLAFIN,Mar 2023,-10.17,0.08,-1.01,-29253.0,-406.8,628
CHOLAFIN,Mar 2024,-10.43,0.08,-1.08,-38538.0,-417.2,629
IRFC,Mar 2022,-10.58,0.0,-1.0,-64417.0,-423.2,630
ADANIPOWER,Mar 2014,-11.13,-1.45,0.5,-1462.0,-445.20000000000005,631
UNIONBANK,Mar 2017,-11.56,0.04,-1.54,-6904.0,-462.40000000000003,632
CHOLAFIN,Mar 2013,-12.19,-0.0,-1.08,-3759.0,-487.59999999999997,633
JSWSTEEL,Mar 2016,-14.34,-0.56,-0.46,3040.0,-513.6,634
BHEL,Mar 2024,-13.17,-0.36,-0.72,-5044.0,-526.8,635
IRFC,Mar 2018,-13.66,-0.0,-1.0,-28078.0,-546.4,636
HINDALCO,Mar 2016,-16.65,-0.28,-0.76,8468.0,-606.0,637
UNITDSPR,Mar 2013,-18.75,-0.57,-0.5,848.0,-690.0,638
IRFC,Mar 2019,-18.51,-0.0,-1.0,-41749.0,-740.4000000000001,639
IRFC,Mar 2016,-19.29,-0.0,-1.07,-16380.0,-771.5999999999999,640
IRFC,Mar 2020,-19.64,-0.0,-1.0,-62702.0,-785.6,641
IRFC,Mar 2021,-20.36,-0.0,-1.0,-89907.0,-814.4,642
JINDALSTEL,Mar 2020,-22.04,-0.17,-0.8,7338.0,-821.5999999999999,643
IRFC,Mar 2017,-20.83,-0.0,-0.94,-19457.0,-833.1999999999999,644
VBL,Dec 2014,-21.55,-1.16,0.13,-69.0,-862.0,645
TATASTEEL,Mar 2016,-23.05,-0.77,-0.41,2661.0,-862.0,645
PNB,Mar 2020,-26.38,0.03,-1.06,-13131.0,-1055.2,646
INDIGO,Mar 2020,-28.0,-0.66,-0.35,2370.0,-1060.0,647
ADANIGREEN,Mar 2020,-28.9,-1.9,1.1,-1778.0,-1156.0,648
INDIGO,Mar 2023,-40.07,-0.32,-0.66,8664.0,-1542.8,649
AXISBANK,Mar 2018,-139.09,0.26,-1.08,-48397.0,-5563.6,650
SBIN,Mar 2017,-798.0,-0.06,-0.05,72834.0,-31860.0,651
