company_id,company_name,peer_group_name,company_name_financial,year,ROE,ROCE,NPM,Operating Profit Margin,Debt Equity,Interest Coverage,Dividend Yield,FCF,FCF CAGR 5yr,PAT CAGR 5yr,Revenue CAGR 5yr,EPS CAGR 5yr,Asset Turnover,Revenue,Net Profit,EPS,Market Cap,Total Assets,Cashflow to Profit,Composite Score,ROE Percentile Rank,ROCE Percentile Rank,NPM Percentile Rank,Debt Equity Percentile Rank,FCF CAGR 5yr Percentile Rank,PAT CAGR 5yr Percentile Rank,Revenue CAGR 5yr Percentile Rank,EPS CAGR 5yr Percentile Rank,Interest Coverage Percentile Rank,Asset Turnover Percentile Rank
MARUTI,MARUTI,Automobiles,MARUTI,Mar 2024,15.75,,9.51,13.13,0.0,96.01,,,,,,,1.23,141858.0,13488.0,,,115304.0,1.25,,14.29,,57.14,100.0,,,,,85.71,85.71
TATAMOTORS,TATAMOTORS,Automobiles,TATAMOTORS,Mar 2024,37.46,,7.26,13.6,1.26,5.96,,,,,,,1.19,437928.0,31807.0,,,369521.0,2.14,,100.0,,28.57,42.86,,,,,42.86,71.43
M&M,M&M,Automobiles,M&M,Mar 2024,18.54,,8.82,17.9,1.64,3.32,,,,,,,0.59,139078.0,12270.0,,,234722.0,-0.46,,28.57,,42.86,28.57,,,,,28.57,14.29
BAJAJ-AUTO,BAJAJ-AUTO,Automobiles,BAJAJ-AUTO,Mar 2024,26.61,,17.18,19.53,0.07,146.08,,,,,,,1.14,44870.0,7708.0,,,39344.0,0.85,,85.71,,85.71,57.14,,,,,100.0,57.14
EICHERMOT,EICHERMOT,Automobiles,EICHERMOT,Mar 2024,22.17,,24.2,26.18,0.02,84.88,,,,,,,0.72,16536.0,4001.0,,,23115.0,0.93,,57.14,,100.0,85.71,,,,,71.43,28.57
HEROMOTOCO,HEROMOTOCO,Automobiles,HEROMOTOCO,Mar 2024,21.14,,9.9,86.15,0.03,47.25,,,,,,,1.44,37789.0,3742.0,,,26153.0,1.32,,42.86,,71.43,71.43,,,,,57.14,100.0
TVSMOTOR,TVSMOTOR,Automobiles,TVSMOTOR,Mar 2024,26.22,,4.54,14.05,3.83,2.85,,,,,,,0.93,39145.0,1779.0,,,42024.0,-0.7,,71.43,,14.29,14.29,,,,,14.29,42.86
BAJFINANCE,BAJFINANCE,Consumer Finance,BAJFINANCE,Mar 2024,18.84,,26.29,29.29,3.82,2683.17,,,,,,,0.15,54972.0,14451.0,,,375742.0,-5.03,,100.0,,100.0,100.0,,,,,100.0,83.33
CHOLAFIN,CHOLAFIN,Consumer Finance,CHOLAFIN,Mar 2024,17.46,,17.85,28.1,6.86,21.12,,,,,,,0.12,19163.0,3420.0,,,156686.0,-10.43,,66.67,,33.33,33.33,,,,,66.67,33.33
SHRIRAMFIN,SHRIRAMFIN,Consumer Finance,SHRIRAMFIN,Mar 2024,15.12,,20.33,28.92,3.99,0.68,,,,,,,0.15,36388.0,7399.0,,,248266.0,-4.2,,33.33,,66.67,66.67,,,,,33.33,83.33
HINDUNILVR,HINDUNILVR,FMCG,HINDUNILVR,Mar 2024,20.07,,16.61,76.32,0.03,57.82,,,,,,,0.79,61896.0,10282.0,,,78489.0,1.5,,57.14,,85.71,85.71,,,,,85.71,57.14
ITC,ITC,FMCG,ITC,Mar 2024,27.85,,29.28,37.02,0.0,327.91,,,,,,,0.77,70866.0,20751.0,,,91754.0,0.83,,71.43,,100.0,100.0,,,,,100.0,35.71
BRITANNIA,BRITANNIA,FMCG,BRITANNIA,Mar 2024,54.15,,12.73,18.89,0.52,19.31,,,,,,,1.85,16769.0,2134.0,,,9072.0,1.21,,85.71,,42.86,14.29,,,,,28.57,85.71
DABUR,DABUR,FMCG,DABUR,Mar 2024,18.36,,14.6,19.35,0.14,19.35,,,,,,,0.82,12404.0,1811.0,,,15116.0,1.11,,42.86,,57.14,57.14,,,,,42.86,71.43
NESTLEIND,NESTLEIND,FMCG,NESTLEIND,Mar 2024,117.75,,16.12,23.83,0.1,40.09,,,,,,,2.32,24394.0,3933.0,,,10523.0,1.06,,100.0,,71.43,71.43,,,,,71.43,100.0
GODREJCP,GODREJCP,FMCG,GODREJCP,Mar 2024,-4.45,,-3.98,20.98,0.26,9.54,,,,,,,0.77,14096.0,-561.0,,,18392.0,-3.69,,14.29,,14.29,28.57,,,,,14.29,35.71
TATACONSUM,TATACONSUM,FMCG,TATACONSUM,Mar 2024,7.57,,7.99,15.02,0.22,26.25,,,,,,,0.55,15206.0,1215.0,,,27879.0,1.59,,28.57,,28.57,42.86,,,,,57.14,14.29
TCS,TCS,IT Services,TCS,Mar 2024,50.94,,19.14,26.69,0.09,82.64,,,,,,,1.66,240893.0,46099.0,,,145472.0,0.96,,100.0,,100.0,70.0,,,,,100.0,100.0
INFY,INFY,IT Services,INFY,Mar 2024,29.79,,17.08,23.7,0.09,77.5,,,,,,,1.13,153670.0,26248.0,,,136020.0,0.96,,80.0,,80.0,70.0,,,,,80.0,40.0
HCLTECH,HCLTECH,IT Services,HCLTECH,Mar 2024,23.01,,14.29,22.02,0.08,43.76,,,,,,,1.11,109913.0,15710.0,,,99006.0,1.43,,60.0,,60.0,100.0,,,,,60.0,20.0
TECHM,TECHM,IT Services,TECHM,Mar 2024,8.99,,4.61,8.67,0.1,11.49,,,,,,,1.21,51996.0,2397.0,,,43149.0,2.66,,20.0,,20.0,30.0,,,,,20.0,60.0
LTIM,LTIM,IT Services,LTIM,Mar 2024,22.9,,12.91,17.98,0.1,28.77,,,,,,,1.29,35517.0,4585.0,,,27544.0,1.24,,40.0,,40.0,30.0,,,,,40.0,80.0
LICI,LICI,Life Insurance,LICI,Mar 2024,49.45,,4.84,3.87,0.0,256.09,,,,,,,0.16,845966.0,40916.0,,,5316047.0,0.64,,100.0,,100.0,87.5,,,,,100.0,25.0
HDFCLIFE,HDFCLIFE,Life Insurance,HDFCLIFE,Mar 2024,10.73,,1.55,99.48,0.06,192.29,,,,,,,0.34,101482.0,1574.0,,,302687.0,6.81,,50.0,,75.0,50.0,,,,,75.0,100.0
SBILIFE,SBILIFE,Life Insurance,SBILIFE,Mar 2024,12.7,,1.43,0.19,0.0,27.33,,,,,,,0.33,131988.0,1894.0,,,398299.0,15.38,,75.0,,50.0,87.5,,,,,25.0,75.0
ICICIPRULI,ICICIPRULI,Life Insurance,ICICIPRULI,Mar 2024,7.73,,0.94,102.03,0.11,31.02,,,,,,,0.3,90307.0,851.0,,,299001.0,-8.6,,25.0,,25.0,25.0,,,,,50.0,50.0
RELIANCE,RELIANCE,Oil & Gas,RELIANCE,Mar 2024,9.96,,8.79,18.07,0.58,7.03,,,,,,,0.51,899041.0,79020.0,,,1755048.0,2.01,,20.0,,80.0,60.0,,,,,20.0,20.0
ONGC,ONGC,Oil & Gas,ONGC,Mar 2024,16.94,,9.66,17.39,0.45,10.09,,,,,,,0.83,591396.0,57101.0,,,709774.0,1.74,,60.0,,100.0,80.0,,,,,60.0,40.0
BPCL,BPCL,Oil & Gas,BPCL,Mar 2024,35.51,,5.99,9.84,0.72,10.62,,,,,,,2.21,448083.0,26859.0,,,202418.0,1.34,,100.0,,40.0,30.0,,,,,80.0,100.0
IOC,IOC,Oil & Gas,IOC,Mar 2024,23.53,,5.56,9.74,0.72,9.6,,,,,,,1.61,776352.0,43161.0,,,482683.0,1.65,,80.0,,20.0,30.0,,,,,40.0,80.0
GAIL,GAIL,Oil & Gas,GAIL,Mar 2024,12.86,,7.43,10.74,0.28,19.91,,,,,,,1.07,133228.0,9903.0,,,124735.0,1.27,,40.0,,60.0,100.0,,,,,100.0,60.0
SUNPHARMA,SUNPHARMA,Pharmaceuticals,SUNPHARMA,Mar 2024,15.09,,19.82,26.84,0.05,54.7,,,,,,,0.57,48497.0,9610.0,,,85308.0,1.26,,40.0,,60.0,60.0,,,,,80.0,40.0
CIPLA,CIPLA,Pharmaceuticals,CIPLA,Mar 2024,15.55,,16.12,75.59,0.02,35.3,,,,,,,0.79,25774.0,4154.0,,,32533.0,1.0,,60.0,,40.0,80.0,,,,,40.0,100.0
DRREDDY,DRREDDY,Pharmaceuticals,DRREDDY,Mar 2024,19.74,,19.91,28.32,0.07,46.39,,,,,,,0.72,28011.0,5578.0,,,38780.0,0.81,,80.0,,80.0,40.0,,,,,60.0,60.0
DIVISLAB,DIVISLAB,Pharmaceuticals,DIVISLAB,Mar 2024,11.79,,20.4,28.17,0.0,552.5,,,,,,,0.51,7845.0,1600.0,,,15460.0,0.79,,20.0,,100.0,100.0,,,,,100.0,20.0
TORNTPHARM,TORNTPHARM,Pharmaceuticals,TORNTPHARM,Mar 2024,24.15,,15.44,31.39,0.59,9.51,,,,,,,0.74,10728.0,1656.0,,,14505.0,1.97,,100.0,,20.0,20.0,,,,,20.0,80.0
NTPC,NTPC,Power & Utilities,NTPC,Mar 2024,13.27,,11.95,28.83,1.48,4.18,,,,,,,0.37,178501.0,21332.0,,,479278.0,1.91,,71.43,,28.57,57.14,,,,,57.14,71.43
POWERGRID,POWERGRID,Power & Utilities,POWERGRID,Mar 2024,17.87,,33.97,86.87,1.42,4.54,,,,,,,0.18,45843.0,15573.0,,,250829.0,2.39,,85.71,,71.43,71.43,,,,,71.43,42.86
TATAPOWER,TATAPOWER,Power & Utilities,TATAPOWER,Mar 2024,13.23,,6.97,17.47,1.66,2.32,,,,,,,0.44,61449.0,4280.0,,,139054.0,2.94,,57.14,,14.29,28.57,,,,,28.57,85.71
ADANIPOWER,ADANIPOWER,Power & Utilities,ADANIPOWER,Mar 2024,48.28,,41.37,36.2,0.8,5.38,,,,,,,0.55,50351.0,20829.0,,,92009.0,0.68,,100.0,,85.71,100.0,,,,,85.71,100.0
NHPC,NHPC,Power & Utilities,NHPC,Mar 2024,10.41,,41.82,49.91,0.84,7.91,,,,,,,0.1,9632.0,4028.0,,,93297.0,1.72,,28.57,,100.0,85.71,,,,,100.0,21.43
JSWENERGY,JSWENERGY,Power & Utilities,JSWENERGY,Mar 2024,8.28,,15.02,46.86,1.52,2.62,,,,,,,0.2,11486.0,1725.0,,,57767.0,3.61,,14.29,,57.14,42.86,,,,,42.86,57.14
ADANIGREEN,ADANIGREEN,Power & Utilities,ADANIGREEN,Mar 2024,12.81,,13.67,79.37,6.6,1.46,,,,,,,0.1,9220.0,1260.0,,,88086.0,6.12,,42.86,,42.86,14.29,,,,,14.29,21.43
HDFCBANK,HDFCBANK,Private Banks,HDFCBANK,Mar 2024,14.34,,23.07,61.41,6.81,1.4,,,,,,,0.07,283649.0,65446.0,,,4030194.0,0.29,,60.0,,60.0,60.0,,,,,60.0,50.0
ICICIBANK,ICICIBANK,Private Banks,ICICIBANK,Mar 2024,17.99,,28.89,62.41,6.45,1.3,,,,,,,0.07,159516.0,46081.0,,,2364063.0,3.41,,100.0,,80.0,80.0,,,,,40.0,50.0
AXISBANK,AXISBANK,Private Banks,AXISBANK,Mar 2024,15.83,,22.73,34.69,8.25,1.69,,,,,,,0.07,109369.0,24861.0,,,1518239.0,-0.22,,80.0,,40.0,20.0,,,,,80.0,50.0
KOTAKBANK,KOTAKBANK,Private Banks,KOTAKBANK,Mar 2024,14.01,,32.39,83.67,4.0,1.24,,,,,,,0.07,56237.0,18213.0,,,767667.0,0.86,,20.0,,100.0,100.0,,,,,20.0,50.0
INDUSINDBK,INDUSINDBK,Private Banks,INDUSINDBK,Mar 2024,14.25,,19.56,38.55,6.89,1.88,,,,,,,0.09,45748.0,8950.0,,,514935.0,-1.88,,40.0,,20.0,40.0,,,,,100.0,100.0
SBIN,SBIN,Public Sector Banks,,,,,,,,,,,,,,,,,,,,,,,,,,,,,,,,
BANKBARODA,BANKBARODA,Public Sector Banks,BANKBARODA,Mar 2024,15.76,,15.94,37.49,12.14,1.9,,,,,,,0.07,118379.0,18869.0,,,1654775.0,-0.33,,33.33,,100.0,66.67,,,,,100.0,50.0
CANBK,CANBK,Public Sector Banks,CANBK,Mar 2024,16.72,,13.94,41.75,14.87,1.61,,,,,,,0.07,110519.0,15401.0,,,1535018.0,0.98,,66.67,,66.67,33.33,,,,,66.67,50.0
PNB,PNB,Public Sector Banks,PNB,Mar 2024,61.32,,8.4,0.0,3.68,0.0,,,,,,,1.51,109065.0,9157.0,,,72371.0,-3.05,,100.0,,33.33,100.0,,,,,33.33,100.0
TATASTEEL,TATASTEEL,Steel,TATASTEEL,Mar 2024,-5.33,,-2.14,9.71,0.95,2.96,,,,,,,0.85,229171.0,-4910.0,,,269312.0,-4.13,,25.0,,25.0,50.0,,,,,25.0,75.0
JSWSTEEL,JSWSTEEL,Steel,JSWSTEEL,Mar 2024,11.55,,5.13,16.09,1.13,3.47,,,,,,,0.77,175006.0,8973.0,,,227898.0,1.35,,75.0,,75.0,25.0,,,,,50.0,50.0
JINDALSTEL,JINDALSTEL,Steel,JINDALSTEL,Mar 2024,13.41,,11.8,20.26,0.37,7.88,,,,,,,0.64,50354.0,5943.0,,,78676.0,1.01,,100.0,,100.0,100.0,,,,,75.0,25.0
HINDALCO,HINDALCO,Steel,HINDALCO,Mar 2024,9.57,,4.7,88.95,0.53,126.46,,,,,,,0.94,215962.0,10155.0,,,230723.0,2.37,,50.0,,50.0,75.0,,,,,100.0,100.0
